problem,data,model,model_label,N,seed,test_fe,val_fe,best_epoch,epochs_run,w,n_params
Fourier(16),fourier16,peds,PEDS físico,64,0,0.1034,0.0986,400,,,20753.0
Fourier(16),fourier16,peds,PEDS físico,64,1,0.1029,0.0981,400,,,20753.0
Fourier(16),fourier16,peds,PEDS físico,64,2,0.1028,0.098,400,,,20753.0
Fourier(16),fourier16,peds,PEDS físico,64,3,0.1033,0.0985,400,,,20753.0
Fourier(16),fourier16,peds,PEDS físico,64,4,0.1029,0.0981,400,,,20753.0
Fourier(16),fourier16,peds,PEDS físico,64,5,0.103,0.0982,400,,,20753.0
Fourier(16),fourier16,peds,PEDS físico,64,6,0.1033,0.0985,400,,,20753.0
Fourier(16),fourier16,peds,PEDS físico,64,7,0.103,0.0982,400,,,20753.0
Fourier(16),fourier16,peds,PEDS físico,64,8,0.1029,0.0981,400,,,20753.0
Fourier(16),fourier16,peds,PEDS físico,64,9,0.1032,0.0984,400,,,20753.0
Fourier(16),fourier16,peds_afim,PEDS-afim,64,0,1.295,1.3076,400,,,20770.0
Fourier(16),fourier16,peds_afim,PEDS-afim,64,1,0.5546,0.5652,400,,,20770.0
Fourier(16),fourier16,peds_afim,PEDS-afim,64,2,0.3339,0.3376,400,,,20770.0
Fourier(16),fourier16,peds_afim,PEDS-afim,64,3,0.3321,0.336,400,,,20770.0
Fourier(16),fourier16,peds_afim,PEDS-afim,64,4,0.6961,0.7008,400,,,20770.0
Fourier(16),fourier16,peds_afim,PEDS-afim,64,5,0.4382,0.4227,400,,,20770.0
Fourier(16),fourier16,peds_afim,PEDS-afim,64,6,0.5385,0.5325,400,,,20770.0
Fourier(16),fourier16,peds_afim,PEDS-afim,64,7,0.6646,0.6573,400,,,20770.0
Fourier(16),fourier16,peds_afim,PEDS-afim,64,8,0.3261,0.319,400,,,20770.0
Fourier(16),fourier16,peds_afim,PEDS-afim,64,9,1.2791,1.2725,400,,,20770.0
Fourier(16),fourier16,nn_only,NN-only,64,0,0.1461,0.1444,400,,,20769.0
Fourier(16),fourier16,nn_only,NN-only,64,1,0.1223,0.123,400,,,20769.0
Fourier(16),fourier16,nn_only,NN-only,64,2,0.1225,0.1237,400,,,20769.0
Fourier(16),fourier16,nn_only,NN-only,64,3,0.1193,0.1193,400,,,20769.0
Fourier(16),fourier16,nn_only,NN-only,64,4,0.1219,0.1218,400,,,20769.0
Fourier(16),fourier16,nn_only,NN-only,64,5,0.1234,0.1237,390,,,20769.0
Fourier(16),fourier16,nn_only,NN-only,64,6,0.138,0.1364,390,,,20769.0
Fourier(16),fourier16,nn_only,NN-only,64,7,0.1402,0.1393,400,,,20769.0
Fourier(16),fourier16,nn_only,NN-only,64,8,0.1378,0.1359,400,,,20769.0
Fourier(16),fourier16,nn_only,NN-only,64,9,0.15,0.1479,400,,,20769.0
Fourier(16),fourier16,peds,PEDS físico,128,0,0.0942,0.09,400,,,20753.0
Fourier(16),fourier16,peds,PEDS físico,128,1,0.0934,0.0893,400,,,20753.0
Fourier(16),fourier16,peds,PEDS físico,128,2,0.094,0.0898,400,,,20753.0
Fourier(16),fourier16,peds,PEDS físico,128,3,0.0946,0.0903,400,,,20753.0
Fourier(16),fourier16,peds,PEDS físico,128,4,0.0942,0.09,400,,,20753.0
Fourier(16),fourier16,peds,PEDS físico,128,5,0.0941,0.0898,400,,,20753.0
Fourier(16),fourier16,peds,PEDS físico,128,6,0.0948,0.0905,400,,,20753.0
Fourier(16),fourier16,peds,PEDS físico,128,7,0.0943,0.0901,400,,,20753.0
Fourier(16),fourier16,peds,PEDS físico,128,8,0.094,0.0898,400,,,20753.0
Fourier(16),fourier16,peds,PEDS físico,128,9,0.0939,0.0897,400,,,20753.0
Fourier(16),fourier16,peds_afim,PEDS-afim,128,0,0.9441,0.9545,400,,,20770.0
Fourier(16),fourier16,peds_afim,PEDS-afim,128,1,0.3067,0.3136,400,,,20770.0
Fourier(16),fourier16,peds_afim,PEDS-afim,128,2,0.2227,0.2184,400,,,20770.0
Fourier(16),fourier16,peds_afim,PEDS-afim,128,3,0.2396,0.2448,400,,,20770.0
Fourier(16),fourier16,peds_afim,PEDS-afim,128,4,0.373,0.3778,400,,,20770.0
Fourier(16),fourier16,peds_afim,PEDS-afim,128,5,0.2786,0.2724,400,,,20770.0
Fourier(16),fourier16,peds_afim,PEDS-afim,128,6,0.2905,0.2871,400,,,20770.0
Fourier(16),fourier16,peds_afim,PEDS-afim,128,7,0.3682,0.3619,400,,,20770.0
Fourier(16),fourier16,peds_afim,PEDS-afim,128,8,0.209,0.2012,400,,,20770.0
Fourier(16),fourier16,peds_afim,PEDS-afim,128,9,0.9218,0.9131,400,,,20770.0
Fourier(16),fourier16,nn_only,NN-only,128,0,0.1377,0.138,400,,,20769.0
Fourier(16),fourier16,nn_only,NN-only,128,1,0.1183,0.1205,390,,,20769.0
Fourier(16),fourier16,nn_only,NN-only,128,2,0.1165,0.1189,400,,,20769.0
Fourier(16),fourier16,nn_only,NN-only,128,3,0.1149,0.1168,400,,,20769.0
Fourier(16),fourier16,nn_only,NN-only,128,4,0.1166,0.118,400,,,20769.0
Fourier(16),fourier16,nn_only,NN-only,128,5,0.1187,0.1206,400,,,20769.0
Fourier(16),fourier16,nn_only,NN-only,128,6,0.1316,0.1307,400,,,20769.0
Fourier(16),fourier16,nn_only,NN-only,128,7,0.1315,0.1317,400,,,20769.0
Fourier(16),fourier16,nn_only,NN-only,128,8,0.1293,0.1286,400,,,20769.0
Fourier(16),fourier16,nn_only,NN-only,128,9,0.1408,0.1402,400,,,20769.0
Fourier(16),fourier16,peds,PEDS físico,256,0,0.0869,0.0839,400,,,20753.0
Fourier(16),fourier16,peds,PEDS físico,256,1,0.0867,0.0838,390,,,20753.0
Fourier(16),fourier16,peds,PEDS físico,256,2,0.0868,0.0839,400,,,20753.0
Fourier(16),fourier16,peds,PEDS físico,256,3,0.0871,0.0841,400,,,20753.0
Fourier(16),fourier16,peds,PEDS físico,256,4,0.0869,0.0839,400,,,20753.0
Fourier(16),fourier16,peds,PEDS físico,256,5,0.0868,0.0839,400,,,20753.0
Fourier(16),fourier16,peds,PEDS físico,256,6,0.0872,0.0841,400,,,20753.0
Fourier(16),fourier16,peds,PEDS físico,256,7,0.0869,0.084,400,,,20753.0
Fourier(16),fourier16,peds,PEDS físico,256,8,0.0868,0.0839,400,,,20753.0
Fourier(16),fourier16,peds,PEDS físico,256,9,0.0868,0.0838,400,,,20753.0
Fourier(16),fourier16,peds_afim,PEDS-afim,256,0,0.3511,0.355,400,,,20770.0
Fourier(16),fourier16,peds_afim,PEDS-afim,256,1,0.236,0.2373,400,,,20770.0
Fourier(16),fourier16,peds_afim,PEDS-afim,256,2,0.2079,0.2021,400,,,20770.0
Fourier(16),fourier16,peds_afim,PEDS-afim,256,3,0.2257,0.2313,400,,,20770.0
Fourier(16),fourier16,peds_afim,PEDS-afim,256,4,0.177,0.1849,400,,,20770.0
Fourier(16),fourier16,peds_afim,PEDS-afim,256,5,0.2442,0.2461,400,,,20770.0
Fourier(16),fourier16,peds_afim,PEDS-afim,256,6,0.2235,0.226,400,,,20770.0
Fourier(16),fourier16,peds_afim,PEDS-afim,256,7,0.2172,0.2193,400,,,20770.0
Fourier(16),fourier16,peds_afim,PEDS-afim,256,8,0.1968,0.1899,400,,,20770.0
Fourier(16),fourier16,peds_afim,PEDS-afim,256,9,0.3288,0.3151,400,,,20770.0
Fourier(16),fourier16,nn_only,NN-only,256,0,0.121,0.1217,400,,,20769.0
Fourier(16),fourier16,nn_only,NN-only,256,1,0.1001,0.1027,400,,,20769.0
Fourier(16),fourier16,nn_only,NN-only,256,2,0.1001,0.1024,400,,,20769.0
Fourier(16),fourier16,nn_only,NN-only,256,3,0.1029,0.1053,400,,,20769.0
Fourier(16),fourier16,nn_only,NN-only,256,4,0.0986,0.0995,390,,,20769.0
Fourier(16),fourier16,nn_only,NN-only,256,5,0.1026,0.1045,390,,,20769.0
Fourier(16),fourier16,nn_only,NN-only,256,6,0.1069,0.1064,400,,,20769.0
Fourier(16),fourier16,nn_only,NN-only,256,7,0.1083,0.1089,400,,,20769.0
Fourier(16),fourier16,nn_only,NN-only,256,8,0.1069,0.1064,400,,,20769.0
Fourier(16),fourier16,nn_only,NN-only,256,9,0.1215,0.1207,400,,,20769.0
Fourier(16),fourier16,peds,PEDS físico,512,0,0.0857,0.0833,250,,,20753.0
Fourier(16),fourier16,peds,PEDS físico,512,1,0.0857,0.0833,240,,,20753.0
Fourier(16),fourier16,peds,PEDS físico,512,2,0.0857,0.0833,250,,,20753.0
Fourier(16),fourier16,peds,PEDS físico,512,3,0.0857,0.0833,260,,,20753.0
Fourier(16),fourier16,peds,PEDS físico,512,4,0.0857,0.0833,250,,,20753.0
Fourier(16),fourier16,peds,PEDS físico,512,5,0.0857,0.0833,250,,,20753.0
Fourier(16),fourier16,peds,PEDS físico,512,6,0.0857,0.0833,260,,,20753.0
Fourier(16),fourier16,peds,PEDS físico,512,7,0.0857,0.0833,250,,,20753.0
Fourier(16),fourier16,peds,PEDS físico,512,8,0.0857,0.0833,250,,,20753.0
Fourier(16),fourier16,peds,PEDS físico,512,9,0.0856,0.0833,250,,,20753.0
Fourier(16),fourier16,peds_afim,PEDS-afim,512,0,0.2398,0.2383,400,,,20770.0
Fourier(16),fourier16,peds_afim,PEDS-afim,512,1,0.209,0.2104,400,,,20770.0
Fourier(16),fourier16,peds_afim,PEDS-afim,512,2,0.1766,0.172,400,,,20770.0
Fourier(16),fourier16,peds_afim,PEDS-afim,512,3,0.1893,0.194,400,,,20770.0
Fourier(16),fourier16,peds_afim,PEDS-afim,512,4,0.1568,0.1639,400,,,20770.0
Fourier(16),fourier16,peds_afim,PEDS-afim,512,5,0.2121,0.214,400,,,20770.0
Fourier(16),fourier16,peds_afim,PEDS-afim,512,6,0.195,0.1978,400,,,20770.0
Fourier(16),fourier16,peds_afim,PEDS-afim,512,7,0.1912,0.1937,400,,,20770.0
Fourier(16),fourier16,peds_afim,PEDS-afim,512,8,0.1008,0.0971,400,,,20770.0
Fourier(16),fourier16,peds_afim,PEDS-afim,512,9,0.2268,0.2184,400,,,20770.0
Fourier(16),fourier16,nn_only,NN-only,512,0,0.0893,0.0908,400,,,20769.0
Fourier(16),fourier16,nn_only,NN-only,512,1,0.0873,0.0903,400,,,20769.0
Fourier(16),fourier16,nn_only,NN-only,512,2,0.0871,0.0887,390,,,20769.0
Fourier(16),fourier16,nn_only,NN-only,512,3,0.0941,0.0969,330,,,20769.0
Fourier(16),fourier16,nn_only,NN-only,512,4,0.08,0.0813,390,,,20769.0
Fourier(16),fourier16,nn_only,NN-only,512,5,0.0873,0.0893,380,,,20769.0
Fourier(16),fourier16,nn_only,NN-only,512,6,0.0805,0.0812,400,,,20769.0
Fourier(16),fourier16,nn_only,NN-only,512,7,0.083,0.0845,400,,,20769.0
Fourier(16),fourier16,nn_only,NN-only,512,8,0.0779,0.0779,400,,,20769.0
Fourier(16),fourier16,nn_only,NN-only,512,9,0.085,0.0864,390,,,20769.0
Fourier(16),fourier16,peds,PEDS físico,1024,0,0.0859,0.0834,120,,,20753.0
Fourier(16),fourier16,peds,PEDS físico,1024,1,0.0857,0.0833,120,,,20753.0
Fourier(16),fourier16,peds,PEDS físico,1024,2,0.0858,0.0833,120,,,20753.0
Fourier(16),fourier16,peds,PEDS físico,1024,3,0.0857,0.0833,130,,,20753.0
Fourier(16),fourier16,peds,PEDS físico,1024,4,0.0859,0.0834,120,,,20753.0
Fourier(16),fourier16,peds,PEDS físico,1024,5,0.0859,0.0834,120,,,20753.0
Fourier(16),fourier16,peds,PEDS físico,1024,6,0.0857,0.0833,130,,,20753.0
Fourier(16),fourier16,peds,PEDS físico,1024,7,0.0859,0.0834,120,,,20753.0
Fourier(16),fourier16,peds,PEDS físico,1024,8,0.0858,0.0833,120,,,20753.0
Fourier(16),fourier16,peds,PEDS físico,1024,9,0.0858,0.0833,120,,,20753.0
Fourier(16),fourier16,peds_afim,PEDS-afim,1024,0,0.1484,0.1461,400,,,20770.0
Fourier(16),fourier16,peds_afim,PEDS-afim,1024,1,0.1272,0.1277,400,,,20770.0
Fourier(16),fourier16,peds_afim,PEDS-afim,1024,2,0.0992,0.0997,400,,,20770.0
Fourier(16),fourier16,peds_afim,PEDS-afim,1024,3,0.0831,0.0849,400,,,20770.0
Fourier(16),fourier16,peds_afim,PEDS-afim,1024,4,0.092,0.0958,400,,,20770.0
Fourier(16),fourier16,peds_afim,PEDS-afim,1024,5,0.0668,0.0686,400,,,20770.0
Fourier(16),fourier16,peds_afim,PEDS-afim,1024,6,0.1111,0.1132,400,,,20770.0
Fourier(16),fourier16,peds_afim,PEDS-afim,1024,7,0.0612,0.0592,400,,,20770.0
Fourier(16),fourier16,peds_afim,PEDS-afim,1024,8,0.0523,0.0522,400,,,20770.0
Fourier(16),fourier16,peds_afim,PEDS-afim,1024,9,0.078,0.0733,400,,,20770.0
Fourier(16),fourier16,nn_only,NN-only,1024,0,0.0709,0.0712,400,,,20769.0
Fourier(16),fourier16,nn_only,NN-only,1024,1,0.0872,0.0893,220,,,20769.0
Fourier(16),fourier16,nn_only,NN-only,1024,2,0.0816,0.0817,210,,,20769.0
Fourier(16),fourier16,nn_only,NN-only,1024,3,0.0922,0.0939,190,,,20769.0
Fourier(16),fourier16,nn_only,NN-only,1024,4,0.0767,0.0774,350,,,20769.0
Fourier(16),fourier16,nn_only,NN-only,1024,5,0.0863,0.0877,190,,,20769.0
Fourier(16),fourier16,nn_only,NN-only,1024,6,0.0692,0.0697,320,,,20769.0
Fourier(16),fourier16,nn_only,NN-only,1024,7,0.0703,0.071,400,,,20769.0
Fourier(16),fourier16,nn_only,NN-only,1024,8,0.0654,0.065,350,,,20769.0
Fourier(16),fourier16,nn_only,NN-only,1024,9,0.063,0.0637,400,,,20769.0
Fourier(16),fourier16,peds,PEDS físico,2048,0,0.0855,0.0833,70,,,20753.0
Fourier(16),fourier16,peds,PEDS físico,2048,1,0.0858,0.0833,60,,,20753.0
Fourier(16),fourier16,peds,PEDS físico,2048,2,0.0855,0.0833,70,,,20753.0
Fourier(16),fourier16,peds,PEDS físico,2048,3,0.0855,0.0833,70,,,20753.0
Fourier(16),fourier16,peds,PEDS físico,2048,4,0.0855,0.0833,70,,,20753.0
Fourier(16),fourier16,peds,PEDS físico,2048,5,0.0855,0.0833,70,,,20753.0
Fourier(16),fourier16,peds,PEDS físico,2048,6,0.0856,0.0833,70,,,20753.0
Fourier(16),fourier16,peds,PEDS físico,2048,7,0.0855,0.0833,70,,,20753.0
Fourier(16),fourier16,peds,PEDS físico,2048,8,0.0855,0.0833,70,,,20753.0
Fourier(16),fourier16,peds,PEDS físico,2048,9,0.0855,0.0833,70,,,20753.0
Fourier(16),fourier16,peds_afim,PEDS-afim,2048,0,0.047,0.0459,400,,,20770.0
Fourier(16),fourier16,peds_afim,PEDS-afim,2048,1,0.054,0.0543,400,,,20770.0
Fourier(16),fourier16,peds_afim,PEDS-afim,2048,2,0.0531,0.0535,400,,,20770.0
Fourier(16),fourier16,peds_afim,PEDS-afim,2048,3,0.0474,0.047,400,,,20770.0
Fourier(16),fourier16,peds_afim,PEDS-afim,2048,4,0.0501,0.0506,400,,,20770.0
Fourier(16),fourier16,peds_afim,PEDS-afim,2048,5,0.0469,0.0482,400,,,20770.0
Fourier(16),fourier16,peds_afim,PEDS-afim,2048,6,0.0473,0.0472,400,,,20770.0
Fourier(16),fourier16,peds_afim,PEDS-afim,2048,7,0.043,0.0422,400,,,20770.0
Fourier(16),fourier16,peds_afim,PEDS-afim,2048,8,0.0395,0.0392,400,,,20770.0
Fourier(16),fourier16,peds_afim,PEDS-afim,2048,9,0.0412,0.0397,400,,,20770.0
Fourier(16),fourier16,nn_only,NN-only,2048,0,0.0652,0.0663,270,,,20769.0
Fourier(16),fourier16,nn_only,NN-only,2048,1,0.085,0.087,160,,,20769.0
Fourier(16),fourier16,nn_only,NN-only,2048,2,0.079,0.0788,130,,,20769.0
Fourier(16),fourier16,nn_only,NN-only,2048,3,0.0909,0.0927,100,,,20769.0
Fourier(16),fourier16,nn_only,NN-only,2048,4,0.0719,0.0733,390,,,20769.0
Fourier(16),fourier16,nn_only,NN-only,2048,5,0.083,0.0846,130,,,20769.0
Fourier(16),fourier16,nn_only,NN-only,2048,6,0.0655,0.0671,250,,,20769.0
Fourier(16),fourier16,nn_only,NN-only,2048,7,0.065,0.0664,400,,,20769.0
Fourier(16),fourier16,nn_only,NN-only,2048,8,0.0606,0.0615,310,,,20769.0
Fourier(16),fourier16,nn_only,NN-only,2048,9,0.0513,0.0522,400,,,20769.0
Fourier(16),fourier16,peds,PEDS físico,4096,0,0.086,0.0834,30,,,20753.0
Fourier(16),fourier16,peds,PEDS físico,4096,1,0.0858,0.0833,30,,,20753.0
Fourier(16),fourier16,peds,PEDS físico,4096,2,0.0859,0.0834,30,,,20753.0
Fourier(16),fourier16,peds,PEDS físico,4096,3,0.0853,0.0833,40,,,20753.0
Fourier(16),fourier16,peds,PEDS físico,4096,4,0.086,0.0834,30,,,20753.0
Fourier(16),fourier16,peds,PEDS físico,4096,5,0.0859,0.0834,30,,,20753.0
Fourier(16),fourier16,peds,PEDS físico,4096,6,0.0854,0.0833,40,,,20753.0
Fourier(16),fourier16,peds,PEDS físico,4096,7,0.086,0.0834,30,,,20753.0
Fourier(16),fourier16,peds,PEDS físico,4096,8,0.0859,0.0834,30,,,20753.0
Fourier(16),fourier16,peds,PEDS físico,4096,9,0.0859,0.0834,30,,,20753.0
Fourier(16),fourier16,peds_afim,PEDS-afim,4096,0,0.0315,0.0319,400,,,20770.0
Fourier(16),fourier16,peds_afim,PEDS-afim,4096,1,0.0344,0.0351,400,,,20770.0
Fourier(16),fourier16,peds_afim,PEDS-afim,4096,2,0.0476,0.0475,380,,,20770.0
Fourier(16),fourier16,peds_afim,PEDS-afim,4096,3,0.0313,0.0312,400,,,20770.0
Fourier(16),fourier16,peds_afim,PEDS-afim,4096,4,0.0353,0.0357,390,,,20770.0
Fourier(16),fourier16,peds_afim,PEDS-afim,4096,5,0.0332,0.0341,400,,,20770.0
Fourier(16),fourier16,peds_afim,PEDS-afim,4096,6,0.0389,0.0394,400,,,20770.0
Fourier(16),fourier16,peds_afim,PEDS-afim,4096,7,0.0297,0.0305,400,,,20770.0
Fourier(16),fourier16,peds_afim,PEDS-afim,4096,8,0.0288,0.029,400,,,20770.0
Fourier(16),fourier16,peds_afim,PEDS-afim,4096,9,0.0287,0.0282,390,,,20770.0
Fourier(16),fourier16,nn_only,NN-only,4096,0,0.063,0.0645,150,,,20769.0
Fourier(16),fourier16,nn_only,NN-only,4096,1,0.083,0.0862,80,,,20769.0
Fourier(16),fourier16,nn_only,NN-only,4096,2,0.0771,0.077,70,,,20769.0
Fourier(16),fourier16,nn_only,NN-only,4096,3,0.0939,0.0963,50,,,20769.0
Fourier(16),fourier16,nn_only,NN-only,4096,4,0.0731,0.0753,210,,,20769.0
Fourier(16),fourier16,nn_only,NN-only,4096,5,0.084,0.0856,50,,,20769.0
Fourier(16),fourier16,nn_only,NN-only,4096,6,0.0651,0.0668,120,,,20769.0
Fourier(16),fourier16,nn_only,NN-only,4096,7,0.0661,0.0671,90,,,20769.0
Fourier(16),fourier16,nn_only,NN-only,4096,8,0.0588,0.0601,150,,,20769.0
Fourier(16),fourier16,nn_only,NN-only,4096,9,0.0447,0.0471,400,,,20769.0
Fourier(25),fourier25,peds,PEDS físico,64,0,0.0744,0.0706,360,,,23066.0
Fourier(25),fourier25,peds,PEDS físico,64,1,0.0743,0.0706,380,,,23066.0
Fourier(25),fourier25,peds,PEDS físico,64,2,0.0752,0.0714,370,,,23066.0
Fourier(25),fourier25,peds,PEDS físico,64,3,0.0745,0.0708,370,,,23066.0
Fourier(25),fourier25,peds,PEDS físico,64,4,0.0744,0.0708,340,,,23066.0
Fourier(25),fourier25,peds,PEDS físico,64,5,0.0746,0.0707,390,,,23066.0
Fourier(25),fourier25,peds,PEDS físico,64,6,0.0747,0.0711,330,,,23066.0
Fourier(25),fourier25,peds,PEDS físico,64,7,0.0745,0.0708,360,,,23066.0
Fourier(25),fourier25,peds,PEDS físico,64,8,0.0747,0.071,370,,,23066.0
Fourier(25),fourier25,peds,PEDS físico,64,9,0.0747,0.0711,360,,,23066.0
Fourier(25),fourier25,peds_afim,PEDS-afim,64,0,0.2503,0.2385,400,,,23092.0
Fourier(25),fourier25,peds_afim,PEDS-afim,64,1,1.0362,1.0327,400,,,23092.0
Fourier(25),fourier25,peds_afim,PEDS-afim,64,2,0.6477,0.6574,400,,,23092.0
Fourier(25),fourier25,peds_afim,PEDS-afim,64,3,0.4964,0.5115,400,,,23092.0
Fourier(25),fourier25,peds_afim,PEDS-afim,64,4,0.4369,0.4342,400,,,23092.0
Fourier(25),fourier25,peds_afim,PEDS-afim,64,5,0.2697,0.2833,400,,,23092.0
Fourier(25),fourier25,peds_afim,PEDS-afim,64,6,0.2216,0.2249,400,,,23092.0
Fourier(25),fourier25,peds_afim,PEDS-afim,64,7,0.2661,0.2566,400,,,23092.0
Fourier(25),fourier25,peds_afim,PEDS-afim,64,8,0.5207,0.5249,400,,,23092.0
Fourier(25),fourier25,peds_afim,PEDS-afim,64,9,0.2586,0.2577,400,,,23092.0
Fourier(25),fourier25,nn_only,NN-only,64,0,0.1081,0.1082,370,,,23091.0
Fourier(25),fourier25,nn_only,NN-only,64,1,0.1251,0.1255,400,,,23091.0
Fourier(25),fourier25,nn_only,NN-only,64,2,0.1246,0.1243,400,,,23091.0
Fourier(25),fourier25,nn_only,NN-only,64,3,0.1138,0.1131,400,,,23091.0
Fourier(25),fourier25,nn_only,NN-only,64,4,0.1119,0.1111,390,,,23091.0
Fourier(25),fourier25,nn_only,NN-only,64,5,0.1151,0.1155,400,,,23091.0
Fourier(25),fourier25,nn_only,NN-only,64,6,0.109,0.1083,400,,,23091.0
Fourier(25),fourier25,nn_only,NN-only,64,7,0.1081,0.1075,150,,,23091.0
Fourier(25),fourier25,nn_only,NN-only,64,8,0.1153,0.1149,400,,,23091.0
Fourier(25),fourier25,nn_only,NN-only,64,9,0.1193,0.119,400,,,23091.0
Fourier(25),fourier25,peds,PEDS físico,128,0,0.0746,0.0709,160,,,23066.0
Fourier(25),fourier25,peds,PEDS físico,128,1,0.0745,0.0709,170,,,23066.0
Fourier(25),fourier25,peds,PEDS físico,128,2,0.0754,0.0716,170,,,23066.0
Fourier(25),fourier25,peds,PEDS físico,128,3,0.0747,0.0711,160,,,23066.0
Fourier(25),fourier25,peds,PEDS físico,128,4,0.0747,0.0711,150,,,23066.0
Fourier(25),fourier25,peds,PEDS físico,128,5,0.0749,0.071,170,,,23066.0
Fourier(25),fourier25,peds,PEDS físico,128,6,0.0749,0.0712,150,,,23066.0
Fourier(25),fourier25,peds,PEDS físico,128,7,0.0748,0.0711,150,,,23066.0
Fourier(25),fourier25,peds,PEDS físico,128,8,0.075,0.0713,160,,,23066.0
Fourier(25),fourier25,peds,PEDS físico,128,9,0.0749,0.0713,170,,,23066.0
Fourier(25),fourier25,peds_afim,PEDS-afim,128,0,0.218,0.2086,400,,,23092.0
Fourier(25),fourier25,peds_afim,PEDS-afim,128,1,0.5144,0.5093,400,,,23092.0
Fourier(25),fourier25,peds_afim,PEDS-afim,128,2,0.2554,0.2598,400,,,23092.0
Fourier(25),fourier25,peds_afim,PEDS-afim,128,3,0.2331,0.2558,400,,,23092.0
Fourier(25),fourier25,peds_afim,PEDS-afim,128,4,0.2384,0.2409,400,,,23092.0
Fourier(25),fourier25,peds_afim,PEDS-afim,128,5,0.2358,0.2446,400,,,23092.0
Fourier(25),fourier25,peds_afim,PEDS-afim,128,6,0.186,0.1907,400,,,23092.0
Fourier(25),fourier25,peds_afim,PEDS-afim,128,7,0.2118,0.2076,400,,,23092.0
Fourier(25),fourier25,peds_afim,PEDS-afim,128,8,0.2509,0.2571,400,,,23092.0
Fourier(25),fourier25,peds_afim,PEDS-afim,128,9,0.2594,0.2586,190,,,23092.0
Fourier(25),fourier25,nn_only,NN-only,128,0,0.1078,0.1078,400,,,23091.0
Fourier(25),fourier25,nn_only,NN-only,128,1,0.1211,0.1224,400,,,23091.0
Fourier(25),fourier25,nn_only,NN-only,128,2,0.119,0.1193,400,,,23091.0
Fourier(25),fourier25,nn_only,NN-only,128,3,0.1122,0.1113,380,,,23091.0
Fourier(25),fourier25,nn_only,NN-only,128,4,0.1113,0.1114,360,,,23091.0
Fourier(25),fourier25,nn_only,NN-only,128,5,0.1113,0.1129,400,,,23091.0
Fourier(25),fourier25,nn_only,NN-only,128,6,0.1074,0.1075,400,,,23091.0
Fourier(25),fourier25,nn_only,NN-only,128,7,0.1094,0.1085,160,,,23091.0
Fourier(25),fourier25,nn_only,NN-only,128,8,0.1133,0.1129,390,,,23091.0
Fourier(25),fourier25,nn_only,NN-only,128,9,0.1159,0.1164,400,,,23091.0
Fourier(25),fourier25,peds,PEDS físico,256,0,0.0746,0.0709,90,,,23066.0
Fourier(25),fourier25,peds,PEDS físico,256,1,0.0745,0.0708,100,,,23066.0
Fourier(25),fourier25,peds,PEDS físico,256,2,0.0737,0.0701,380,,,23066.0
Fourier(25),fourier25,peds,PEDS físico,256,3,0.0745,0.0709,100,,,23066.0
Fourier(25),fourier25,peds,PEDS físico,256,4,0.0746,0.071,90,,,23066.0
Fourier(25),fourier25,peds,PEDS físico,256,5,0.0747,0.0709,100,,,23066.0
Fourier(25),fourier25,peds,PEDS físico,256,6,0.0748,0.0711,90,,,23066.0
Fourier(25),fourier25,peds,PEDS físico,256,7,0.0746,0.0709,90,,,23066.0
Fourier(25),fourier25,peds,PEDS físico,256,8,0.0737,0.07,390,,,23066.0
Fourier(25),fourier25,peds,PEDS físico,256,9,0.0748,0.0712,100,,,23066.0
Fourier(25),fourier25,peds_afim,PEDS-afim,256,0,0.2044,0.1964,400,,,23092.0
Fourier(25),fourier25,peds_afim,PEDS-afim,256,1,0.2292,0.2247,400,,,23092.0
Fourier(25),fourier25,peds_afim,PEDS-afim,256,2,0.2154,0.2148,400,,,23092.0
Fourier(25),fourier25,peds_afim,PEDS-afim,256,3,0.2181,0.2397,400,,,23092.0
Fourier(25),fourier25,peds_afim,PEDS-afim,256,4,0.224,0.2279,400,,,23092.0
Fourier(25),fourier25,peds_afim,PEDS-afim,256,5,0.2204,0.2286,400,,,23092.0
Fourier(25),fourier25,peds_afim,PEDS-afim,256,6,0.0945,0.0957,400,,,23092.0
Fourier(25),fourier25,peds_afim,PEDS-afim,256,7,0.0906,0.0903,400,,,23092.0
Fourier(25),fourier25,peds_afim,PEDS-afim,256,8,0.2316,0.2375,400,,,23092.0
Fourier(25),fourier25,peds_afim,PEDS-afim,256,9,0.1358,0.1373,400,,,23092.0
Fourier(25),fourier25,nn_only,NN-only,256,0,0.1067,0.1061,380,,,23091.0
Fourier(25),fourier25,nn_only,NN-only,256,1,0.1122,0.1124,400,,,23091.0
Fourier(25),fourier25,nn_only,NN-only,256,2,0.1099,0.1102,400,,,23091.0
Fourier(25),fourier25,nn_only,NN-only,256,3,0.1059,0.1044,400,,,23091.0
Fourier(25),fourier25,nn_only,NN-only,256,4,0.108,0.1086,380,,,23091.0
Fourier(25),fourier25,nn_only,NN-only,256,5,0.1038,0.1048,360,,,23091.0
Fourier(25),fourier25,nn_only,NN-only,256,6,0.1035,0.1029,380,,,23091.0
Fourier(25),fourier25,nn_only,NN-only,256,7,0.1102,0.1092,80,,,23091.0
Fourier(25),fourier25,nn_only,NN-only,256,8,0.1072,0.1062,380,,,23091.0
Fourier(25),fourier25,nn_only,NN-only,256,9,0.1064,0.1062,400,,,23091.0
Fourier(25),fourier25,peds,PEDS físico,512,0,0.0746,0.0708,50,,,23066.0
Fourier(25),fourier25,peds,PEDS físico,512,1,0.0745,0.0709,50,,,23066.0
Fourier(25),fourier25,peds,PEDS físico,512,2,0.0648,0.0611,400,,,23066.0
Fourier(25),fourier25,peds,PEDS físico,512,3,0.0745,0.0709,50,,,23066.0
Fourier(25),fourier25,peds,PEDS físico,512,4,0.0747,0.0711,40,,,23066.0
Fourier(25),fourier25,peds,PEDS físico,512,5,0.0571,0.0545,400,,,23066.0
Fourier(25),fourier25,peds,PEDS físico,512,6,0.0748,0.0712,40,,,23066.0
Fourier(25),fourier25,peds,PEDS físico,512,7,0.0578,0.055,400,,,23066.0
Fourier(25),fourier25,peds,PEDS físico,512,8,0.0686,0.065,400,,,23066.0
Fourier(25),fourier25,peds,PEDS físico,512,9,0.0577,0.0551,390,,,23066.0
Fourier(25),fourier25,peds_afim,PEDS-afim,512,0,0.1651,0.1596,400,,,23092.0
Fourier(25),fourier25,peds_afim,PEDS-afim,512,1,0.2006,0.1968,400,,,23092.0
Fourier(25),fourier25,peds_afim,PEDS-afim,512,2,0.1539,0.154,400,,,23092.0
Fourier(25),fourier25,peds_afim,PEDS-afim,512,3,0.1838,0.2026,400,,,23092.0
Fourier(25),fourier25,peds_afim,PEDS-afim,512,4,0.1871,0.1902,400,,,23092.0
Fourier(25),fourier25,peds_afim,PEDS-afim,512,5,0.0763,0.0758,400,,,23092.0
Fourier(25),fourier25,peds_afim,PEDS-afim,512,6,0.0593,0.0589,390,,,23092.0
Fourier(25),fourier25,peds_afim,PEDS-afim,512,7,0.07,0.0697,400,,,23092.0
Fourier(25),fourier25,peds_afim,PEDS-afim,512,8,0.1957,0.2005,400,,,23092.0
Fourier(25),fourier25,peds_afim,PEDS-afim,512,9,0.0731,0.073,400,,,23092.0
Fourier(25),fourier25,nn_only,NN-only,512,0,0.0974,0.0968,360,,,23091.0
Fourier(25),fourier25,nn_only,NN-only,512,1,0.0943,0.0944,400,,,23091.0
Fourier(25),fourier25,nn_only,NN-only,512,2,0.0959,0.0964,400,,,23091.0
Fourier(25),fourier25,nn_only,NN-only,512,3,0.0941,0.0938,390,,,23091.0
Fourier(25),fourier25,nn_only,NN-only,512,4,0.1016,0.1028,380,,,23091.0
Fourier(25),fourier25,nn_only,NN-only,512,5,0.0937,0.0954,400,,,23091.0
Fourier(25),fourier25,nn_only,NN-only,512,6,0.0927,0.0926,390,,,23091.0
Fourier(25),fourier25,nn_only,NN-only,512,7,0.1053,0.1049,350,,,23091.0
Fourier(25),fourier25,nn_only,NN-only,512,8,0.0966,0.097,370,,,23091.0
Fourier(25),fourier25,nn_only,NN-only,512,9,0.0935,0.0943,380,,,23091.0
Fourier(25),fourier25,peds,PEDS físico,1024,0,0.0527,0.0505,380,,,23066.0
Fourier(25),fourier25,peds,PEDS físico,1024,1,0.0525,0.0508,400,,,23066.0
Fourier(25),fourier25,peds,PEDS físico,1024,2,0.0533,0.0507,400,,,23066.0
Fourier(25),fourier25,peds,PEDS físico,1024,3,0.0521,0.0501,400,,,23066.0
Fourier(25),fourier25,peds,PEDS físico,1024,4,0.0517,0.0498,390,,,23066.0
Fourier(25),fourier25,peds,PEDS físico,1024,5,0.0518,0.0502,390,,,23066.0
Fourier(25),fourier25,peds,PEDS físico,1024,6,0.0519,0.0501,370,,,23066.0
Fourier(25),fourier25,peds,PEDS físico,1024,7,0.052,0.0499,390,,,23066.0
Fourier(25),fourier25,peds,PEDS físico,1024,8,0.0532,0.0509,400,,,23066.0
Fourier(25),fourier25,peds,PEDS físico,1024,9,0.0523,0.0507,390,,,23066.0
Fourier(25),fourier25,peds_afim,PEDS-afim,1024,0,0.0812,0.0805,400,,,23092.0
Fourier(25),fourier25,peds_afim,PEDS-afim,1024,1,0.0557,0.0553,400,,,23092.0
Fourier(25),fourier25,peds_afim,PEDS-afim,1024,2,0.0549,0.0557,400,,,23092.0
Fourier(25),fourier25,peds_afim,PEDS-afim,1024,3,0.093,0.1003,400,,,23092.0
Fourier(25),fourier25,peds_afim,PEDS-afim,1024,4,0.0921,0.0935,400,,,23092.0
Fourier(25),fourier25,peds_afim,PEDS-afim,1024,5,0.0523,0.0516,400,,,23092.0
Fourier(25),fourier25,peds_afim,PEDS-afim,1024,6,0.0504,0.0492,380,,,23092.0
Fourier(25),fourier25,peds_afim,PEDS-afim,1024,7,0.0562,0.0561,400,,,23092.0
Fourier(25),fourier25,peds_afim,PEDS-afim,1024,8,0.0975,0.098,400,,,23092.0
Fourier(25),fourier25,peds_afim,PEDS-afim,1024,9,0.0509,0.0515,400,,,23092.0
Fourier(25),fourier25,nn_only,NN-only,1024,0,0.0923,0.0913,220,,,23091.0
Fourier(25),fourier25,nn_only,NN-only,1024,1,0.0861,0.0859,280,,,23091.0
Fourier(25),fourier25,nn_only,NN-only,1024,2,0.0887,0.0882,310,,,23091.0
Fourier(25),fourier25,nn_only,NN-only,1024,3,0.0864,0.0867,320,,,23091.0
Fourier(25),fourier25,nn_only,NN-only,1024,4,0.0995,0.1005,190,,,23091.0
Fourier(25),fourier25,nn_only,NN-only,1024,5,0.0895,0.0914,260,,,23091.0
Fourier(25),fourier25,nn_only,NN-only,1024,6,0.0829,0.0826,320,,,23091.0
Fourier(25),fourier25,nn_only,NN-only,1024,7,0.1016,0.1009,150,,,23091.0
Fourier(25),fourier25,nn_only,NN-only,1024,8,0.0931,0.0929,250,,,23091.0
Fourier(25),fourier25,nn_only,NN-only,1024,9,0.0836,0.0833,360,,,23091.0
Fourier(25),fourier25,peds,PEDS físico,2048,0,0.0455,0.0449,400,,,23066.0
Fourier(25),fourier25,peds,PEDS físico,2048,1,0.0467,0.0459,390,,,23066.0
Fourier(25),fourier25,peds,PEDS físico,2048,2,0.0484,0.0469,400,,,23066.0
Fourier(25),fourier25,peds,PEDS físico,2048,3,0.0456,0.045,400,,,23066.0
Fourier(25),fourier25,peds,PEDS físico,2048,4,0.0448,0.0443,400,,,23066.0
Fourier(25),fourier25,peds,PEDS físico,2048,5,0.0461,0.0457,390,,,23066.0
Fourier(25),fourier25,peds,PEDS físico,2048,6,0.0449,0.0444,400,,,23066.0
Fourier(25),fourier25,peds,PEDS físico,2048,7,0.0455,0.045,400,,,23066.0
Fourier(25),fourier25,peds,PEDS físico,2048,8,0.0479,0.0465,390,,,23066.0
Fourier(25),fourier25,peds,PEDS físico,2048,9,0.046,0.0454,380,,,23066.0
Fourier(25),fourier25,peds_afim,PEDS-afim,2048,0,0.0501,0.05,400,,,23092.0
Fourier(25),fourier25,peds_afim,PEDS-afim,2048,1,0.042,0.0422,400,,,23092.0
Fourier(25),fourier25,peds_afim,PEDS-afim,2048,2,0.0419,0.0424,400,,,23092.0
Fourier(25),fourier25,peds_afim,PEDS-afim,2048,3,0.0453,0.0455,400,,,23092.0
Fourier(25),fourier25,peds_afim,PEDS-afim,2048,4,0.0472,0.0465,390,,,23092.0
Fourier(25),fourier25,peds_afim,PEDS-afim,2048,5,0.0441,0.0439,380,,,23092.0
Fourier(25),fourier25,peds_afim,PEDS-afim,2048,6,0.0432,0.0427,400,,,23092.0
Fourier(25),fourier25,peds_afim,PEDS-afim,2048,7,0.0474,0.0473,380,,,23092.0
Fourier(25),fourier25,peds_afim,PEDS-afim,2048,8,0.0451,0.0451,390,,,23092.0
Fourier(25),fourier25,peds_afim,PEDS-afim,2048,9,0.0426,0.043,390,,,23092.0
Fourier(25),fourier25,nn_only,NN-only,2048,0,0.0921,0.0911,130,,,23091.0
Fourier(25),fourier25,nn_only,NN-only,2048,1,0.0841,0.0835,160,,,23091.0
Fourier(25),fourier25,nn_only,NN-only,2048,2,0.0864,0.0852,160,,,23091.0
Fourier(25),fourier25,nn_only,NN-only,2048,3,0.0905,0.0906,160,,,23091.0
Fourier(25),fourier25,nn_only,NN-only,2048,4,0.1008,0.1007,110,,,23091.0
Fourier(25),fourier25,nn_only,NN-only,2048,5,0.091,0.0919,160,,,23091.0
Fourier(25),fourier25,nn_only,NN-only,2048,6,0.0827,0.0817,140,,,23091.0
Fourier(25),fourier25,nn_only,NN-only,2048,7,0.1054,0.1043,80,,,23091.0
Fourier(25),fourier25,nn_only,NN-only,2048,8,0.0932,0.0927,120,,,23091.0
Fourier(25),fourier25,nn_only,NN-only,2048,9,0.0851,0.0845,160,,,23091.0
Fourier(25),fourier25,peds,PEDS físico,4096,0,0.037,0.0369,400,,,23066.0
Fourier(25),fourier25,peds,PEDS físico,4096,1,0.0385,0.0382,400,,,23066.0
Fourier(25),fourier25,peds,PEDS físico,4096,2,0.0403,0.0389,400,,,23066.0
Fourier(25),fourier25,peds,PEDS físico,4096,3,0.037,0.0366,400,,,23066.0
Fourier(25),fourier25,peds,PEDS físico,4096,4,0.0358,0.0354,400,,,23066.0
Fourier(25),fourier25,peds,PEDS físico,4096,5,0.0378,0.0381,400,,,23066.0
Fourier(25),fourier25,peds,PEDS físico,4096,6,0.0362,0.0357,400,,,23066.0
Fourier(25),fourier25,peds,PEDS físico,4096,7,0.0364,0.036,400,,,23066.0
Fourier(25),fourier25,peds,PEDS físico,4096,8,0.0377,0.0376,400,,,23066.0
Fourier(25),fourier25,peds,PEDS físico,4096,9,0.0374,0.0374,400,,,23066.0
Fourier(25),fourier25,peds_afim,PEDS-afim,4096,0,0.0445,0.0439,390,,,23092.0
Fourier(25),fourier25,peds_afim,PEDS-afim,4096,1,0.0331,0.0327,400,,,23092.0
Fourier(25),fourier25,peds_afim,PEDS-afim,4096,2,0.0352,0.035,400,,,23092.0
Fourier(25),fourier25,peds_afim,PEDS-afim,4096,3,0.0443,0.0437,260,,,23092.0
Fourier(25),fourier25,peds_afim,PEDS-afim,4096,4,0.0444,0.044,360,,,23092.0
Fourier(25),fourier25,peds_afim,PEDS-afim,4096,5,0.0363,0.0368,400,,,23092.0
Fourier(25),fourier25,peds_afim,PEDS-afim,4096,6,0.0344,0.0337,400,,,23092.0
Fourier(25),fourier25,peds_afim,PEDS-afim,4096,7,0.0387,0.038,380,,,23092.0
Fourier(25),fourier25,peds_afim,PEDS-afim,4096,8,0.0445,0.044,230,,,23092.0
Fourier(25),fourier25,peds_afim,PEDS-afim,4096,9,0.0364,0.0361,400,,,23092.0
Fourier(25),fourier25,nn_only,NN-only,4096,0,0.0955,0.0944,70,,,23091.0
Fourier(25),fourier25,nn_only,NN-only,4096,1,0.0825,0.0816,100,,,23091.0
Fourier(25),fourier25,nn_only,NN-only,4096,2,0.0854,0.0838,80,,,23091.0
Fourier(25),fourier25,nn_only,NN-only,4096,3,0.0892,0.0884,70,,,23091.0
Fourier(25),fourier25,nn_only,NN-only,4096,4,0.1004,0.1,60,,,23091.0
Fourier(25),fourier25,nn_only,NN-only,4096,5,0.089,0.09,60,,,23091.0
Fourier(25),fourier25,nn_only,NN-only,4096,6,0.0844,0.0829,90,,,23091.0
Fourier(25),fourier25,nn_only,NN-only,4096,7,0.104,0.1028,50,,,23091.0
Fourier(25),fourier25,nn_only,NN-only,4096,8,0.0925,0.0917,70,,,23091.0
Fourier(25),fourier25,nn_only,NN-only,4096,9,0.0815,0.0802,90,,,23091.0
Fisher(16),fisher16,peds,PEDS físico,64,0,0.1313,0.119,400,,,20753.0
Fisher(16),fisher16,peds,PEDS físico,64,1,0.1287,0.1171,400,,,20753.0
Fisher(16),fisher16,peds,PEDS físico,64,2,0.1328,0.1212,400,,,20753.0
Fisher(16),fisher16,peds,PEDS físico,64,3,0.138,0.1253,400,,,20753.0
Fisher(16),fisher16,peds,PEDS físico,64,4,0.1361,0.1242,400,,,20753.0
Fisher(16),fisher16,peds,PEDS físico,64,5,0.1328,0.1205,400,,,20753.0
Fisher(16),fisher16,peds,PEDS físico,64,6,0.1325,0.1203,400,,,20753.0
Fisher(16),fisher16,peds,PEDS físico,64,7,0.1351,0.1228,400,,,20753.0
Fisher(16),fisher16,peds,PEDS físico,64,8,0.1305,0.1192,400,,,20753.0
Fisher(16),fisher16,peds,PEDS físico,64,9,0.1372,0.1248,400,,,20753.0
Fisher(16),fisher16,peds_afim,PEDS-afim,64,0,0.5575,0.5414,400,,,20770.0
Fisher(16),fisher16,peds_afim,PEDS-afim,64,1,0.3045,0.2955,400,,,20770.0
Fisher(16),fisher16,peds_afim,PEDS-afim,64,2,0.2551,0.2584,400,,,20770.0
Fisher(16),fisher16,peds_afim,PEDS-afim,64,3,0.2389,0.2333,400,,,20770.0
Fisher(16),fisher16,peds_afim,PEDS-afim,64,4,0.2598,0.2572,400,,,20770.0
Fisher(16),fisher16,peds_afim,PEDS-afim,64,5,0.2964,0.2799,270,,,20770.0
Fisher(16),fisher16,peds_afim,PEDS-afim,64,6,0.2737,0.2659,280,,,20770.0
Fisher(16),fisher16,peds_afim,PEDS-afim,64,7,0.2667,0.2635,350,,,20770.0
Fisher(16),fisher16,peds_afim,PEDS-afim,64,8,0.2581,0.2449,400,,,20770.0
Fisher(16),fisher16,peds_afim,PEDS-afim,64,9,0.5463,0.5444,400,,,20770.0
Fisher(16),fisher16,nn_only,NN-only,64,0,0.1735,0.1673,400,,,20769.0
Fisher(16),fisher16,nn_only,NN-only,64,1,0.1645,0.1582,400,,,20769.0
Fisher(16),fisher16,nn_only,NN-only,64,2,0.1687,0.1626,400,,,20769.0
Fisher(16),fisher16,nn_only,NN-only,64,3,0.1698,0.1613,400,,,20769.0
Fisher(16),fisher16,nn_only,NN-only,64,4,0.1686,0.1607,400,,,20769.0
Fisher(16),fisher16,nn_only,NN-only,64,5,0.1673,0.1596,400,,,20769.0
Fisher(16),fisher16,nn_only,NN-only,64,6,0.1676,0.1603,400,,,20769.0
Fisher(16),fisher16,nn_only,NN-only,64,7,0.177,0.1698,400,,,20769.0
Fisher(16),fisher16,nn_only,NN-only,64,8,0.1754,0.1687,400,,,20769.0
Fisher(16),fisher16,nn_only,NN-only,64,9,0.1913,0.1859,400,,,20769.0
Fisher(16),fisher16,peds,PEDS físico,128,0,0.1069,0.0974,400,,,20753.0
Fisher(16),fisher16,peds,PEDS físico,128,1,0.1007,0.0918,400,,,20753.0
Fisher(16),fisher16,peds,PEDS físico,128,2,0.1107,0.1018,400,,,20753.0
Fisher(16),fisher16,peds,PEDS físico,128,3,0.1143,0.1039,400,,,20753.0
Fisher(16),fisher16,peds,PEDS físico,128,4,0.1096,0.1009,400,,,20753.0
Fisher(16),fisher16,peds,PEDS físico,128,5,0.107,0.0972,400,,,20753.0
Fisher(16),fisher16,peds,PEDS físico,128,6,0.111,0.1008,400,,,20753.0
Fisher(16),fisher16,peds,PEDS físico,128,7,0.1071,0.0977,400,,,20753.0
Fisher(16),fisher16,peds,PEDS físico,128,8,0.1037,0.0961,400,,,20753.0
Fisher(16),fisher16,peds,PEDS físico,128,9,0.1121,0.1021,400,,,20753.0
Fisher(16),fisher16,peds_afim,PEDS-afim,128,0,0.3405,0.3221,400,,,20770.0
Fisher(16),fisher16,peds_afim,PEDS-afim,128,1,0.2781,0.2695,400,,,20770.0
Fisher(16),fisher16,peds_afim,PEDS-afim,128,2,0.2207,0.2227,400,,,20770.0
Fisher(16),fisher16,peds_afim,PEDS-afim,128,3,0.219,0.2124,400,,,20770.0
Fisher(16),fisher16,peds_afim,PEDS-afim,128,4,0.2393,0.2333,400,,,20770.0
Fisher(16),fisher16,peds_afim,PEDS-afim,128,5,0.2477,0.2314,400,,,20770.0
Fisher(16),fisher16,peds_afim,PEDS-afim,128,6,0.2447,0.2294,400,,,20770.0
Fisher(16),fisher16,peds_afim,PEDS-afim,128,7,0.2666,0.2635,170,,,20770.0
Fisher(16),fisher16,peds_afim,PEDS-afim,128,8,0.2139,0.2058,400,,,20770.0
Fisher(16),fisher16,peds_afim,PEDS-afim,128,9,0.2731,0.2758,400,,,20770.0
Fisher(16),fisher16,nn_only,NN-only,128,0,0.1534,0.1461,400,,,20769.0
Fisher(16),fisher16,nn_only,NN-only,128,1,0.1435,0.1376,400,,,20769.0
Fisher(16),fisher16,nn_only,NN-only,128,2,0.1562,0.1491,400,,,20769.0
Fisher(16),fisher16,nn_only,NN-only,128,3,0.1553,0.1468,400,,,20769.0
Fisher(16),fisher16,nn_only,NN-only,128,4,0.1466,0.1405,400,,,20769.0
Fisher(16),fisher16,nn_only,NN-only,128,5,0.1473,0.1402,400,,,20769.0
Fisher(16),fisher16,nn_only,NN-only,128,6,0.1519,0.1441,400,,,20769.0
Fisher(16),fisher16,nn_only,NN-only,128,7,0.1561,0.1491,400,,,20769.0
Fisher(16),fisher16,nn_only,NN-only,128,8,0.152,0.1468,400,,,20769.0
Fisher(16),fisher16,nn_only,NN-only,128,9,0.1607,0.1577,400,,,20769.0
Fisher(16),fisher16,peds,PEDS físico,256,0,0.088,0.0808,400,,,20753.0
Fisher(16),fisher16,peds,PEDS físico,256,1,0.0826,0.0765,390,,,20753.0
Fisher(16),fisher16,peds,PEDS físico,256,2,0.0907,0.0837,390,,,20753.0
Fisher(16),fisher16,peds,PEDS físico,256,3,0.0952,0.0878,400,,,20753.0
Fisher(16),fisher16,peds,PEDS físico,256,4,0.0886,0.0827,400,,,20753.0
Fisher(16),fisher16,peds,PEDS físico,256,5,0.0881,0.0812,400,,,20753.0
Fisher(16),fisher16,peds,PEDS físico,256,6,0.0897,0.082,400,,,20753.0
Fisher(16),fisher16,peds,PEDS físico,256,7,0.0882,0.0807,400,,,20753.0
Fisher(16),fisher16,peds,PEDS físico,256,8,0.0852,0.0797,400,,,20753.0
Fisher(16),fisher16,peds,PEDS físico,256,9,0.0901,0.0825,400,,,20753.0
Fisher(16),fisher16,peds_afim,PEDS-afim,256,0,0.2925,0.2741,400,,,20770.0
Fisher(16),fisher16,peds_afim,PEDS-afim,256,1,0.2034,0.1967,400,,,20770.0
Fisher(16),fisher16,peds_afim,PEDS-afim,256,2,0.1444,0.1438,400,,,20770.0
Fisher(16),fisher16,peds_afim,PEDS-afim,256,3,0.1543,0.147,400,,,20770.0
Fisher(16),fisher16,peds_afim,PEDS-afim,256,4,0.2342,0.228,400,,,20770.0
Fisher(16),fisher16,peds_afim,PEDS-afim,256,5,0.1568,0.1502,400,,,20770.0
Fisher(16),fisher16,peds_afim,PEDS-afim,256,6,0.1886,0.176,400,,,20770.0
Fisher(16),fisher16,peds_afim,PEDS-afim,256,7,0.2364,0.2328,400,,,20770.0
Fisher(16),fisher16,peds_afim,PEDS-afim,256,8,0.1242,0.1188,400,,,20770.0
Fisher(16),fisher16,peds_afim,PEDS-afim,256,9,0.2337,0.2373,400,,,20770.0
Fisher(16),fisher16,nn_only,NN-only,256,0,0.133,0.126,390,,,20769.0
Fisher(16),fisher16,nn_only,NN-only,256,1,0.1297,0.1242,380,,,20769.0
Fisher(16),fisher16,nn_only,NN-only,256,2,0.1344,0.1276,390,,,20769.0
Fisher(16),fisher16,nn_only,NN-only,256,3,0.1365,0.1302,380,,,20769.0
Fisher(16),fisher16,nn_only,NN-only,256,4,0.1268,0.1218,380,,,20769.0
Fisher(16),fisher16,nn_only,NN-only,256,5,0.1294,0.1235,400,,,20769.0
Fisher(16),fisher16,nn_only,NN-only,256,6,0.1322,0.1258,400,,,20769.0
Fisher(16),fisher16,nn_only,NN-only,256,7,0.1346,0.1278,400,,,20769.0
Fisher(16),fisher16,nn_only,NN-only,256,8,0.1278,0.1238,400,,,20769.0
Fisher(16),fisher16,nn_only,NN-only,256,9,0.1286,0.1258,400,,,20769.0
Fisher(16),fisher16,peds,PEDS físico,512,0,0.0734,0.0676,400,,,20753.0
Fisher(16),fisher16,peds,PEDS físico,512,1,0.0719,0.0672,370,,,20753.0
Fisher(16),fisher16,peds,PEDS físico,512,2,0.0754,0.0693,400,,,20753.0
Fisher(16),fisher16,peds,PEDS físico,512,3,0.0753,0.0694,400,,,20753.0
Fisher(16),fisher16,peds,PEDS físico,512,4,0.074,0.0683,400,,,20753.0
Fisher(16),fisher16,peds,PEDS físico,512,5,0.0745,0.069,400,,,20753.0
Fisher(16),fisher16,peds,PEDS físico,512,6,0.0743,0.069,370,,,20753.0
Fisher(16),fisher16,peds,PEDS físico,512,7,0.0748,0.0685,400,,,20753.0
Fisher(16),fisher16,peds,PEDS físico,512,8,0.0723,0.0673,400,,,20753.0
Fisher(16),fisher16,peds,PEDS físico,512,9,0.0724,0.0664,400,,,20753.0
Fisher(16),fisher16,peds_afim,PEDS-afim,512,0,0.2757,0.259,400,,,20770.0
Fisher(16),fisher16,peds_afim,PEDS-afim,512,1,0.1103,0.1043,400,,,20770.0
Fisher(16),fisher16,peds_afim,PEDS-afim,512,2,0.1104,0.1074,400,,,20770.0
Fisher(16),fisher16,peds_afim,PEDS-afim,512,3,0.1007,0.0956,400,,,20770.0
Fisher(16),fisher16,peds_afim,PEDS-afim,512,4,0.2188,0.2126,400,,,20770.0
Fisher(16),fisher16,peds_afim,PEDS-afim,512,5,0.1096,0.1019,400,,,20770.0
Fisher(16),fisher16,peds_afim,PEDS-afim,512,6,0.0986,0.0913,400,,,20770.0
Fisher(16),fisher16,peds_afim,PEDS-afim,512,7,0.1578,0.1522,400,,,20770.0
Fisher(16),fisher16,peds_afim,PEDS-afim,512,8,0.0906,0.0844,390,,,20770.0
Fisher(16),fisher16,peds_afim,PEDS-afim,512,9,0.2195,0.2226,400,,,20770.0
Fisher(16),fisher16,nn_only,NN-only,512,0,0.112,0.1045,400,,,20769.0
Fisher(16),fisher16,nn_only,NN-only,512,1,0.1143,0.1098,370,,,20769.0
Fisher(16),fisher16,nn_only,NN-only,512,2,0.1125,0.1062,370,,,20769.0
Fisher(16),fisher16,nn_only,NN-only,512,3,0.1156,0.1106,340,,,20769.0
Fisher(16),fisher16,nn_only,NN-only,512,4,0.1113,0.1062,400,,,20769.0
Fisher(16),fisher16,nn_only,NN-only,512,5,0.1166,0.1121,360,,,20769.0
Fisher(16),fisher16,nn_only,NN-only,512,6,0.1148,0.1105,280,,,20769.0
Fisher(16),fisher16,nn_only,NN-only,512,7,0.1109,0.1044,380,,,20769.0
Fisher(16),fisher16,nn_only,NN-only,512,8,0.1012,0.0981,380,,,20769.0
Fisher(16),fisher16,nn_only,NN-only,512,9,0.102,0.0972,400,,,20769.0
Fisher(16),fisher16,peds,PEDS físico,1024,0,0.0681,0.0604,380,,,20753.0
Fisher(16),fisher16,peds,PEDS físico,1024,1,0.0675,0.06,390,,,20753.0
Fisher(16),fisher16,peds,PEDS físico,1024,2,0.0704,0.0622,400,,,20753.0
Fisher(16),fisher16,peds,PEDS físico,1024,3,0.0691,0.061,400,,,20753.0
Fisher(16),fisher16,peds,PEDS físico,1024,4,0.0689,0.061,390,,,20753.0
Fisher(16),fisher16,peds,PEDS físico,1024,5,0.0684,0.0605,400,,,20753.0
Fisher(16),fisher16,peds,PEDS físico,1024,6,0.0696,0.0627,400,,,20753.0
Fisher(16),fisher16,peds,PEDS físico,1024,7,0.0676,0.0592,400,,,20753.0
Fisher(16),fisher16,peds,PEDS físico,1024,8,0.0676,0.0605,390,,,20753.0
Fisher(16),fisher16,peds,PEDS físico,1024,9,0.0652,0.0575,390,,,20753.0
Fisher(16),fisher16,peds_afim,PEDS-afim,1024,0,0.1949,0.1851,400,,,20770.0
Fisher(16),fisher16,peds_afim,PEDS-afim,1024,1,0.086,0.0814,400,,,20770.0
Fisher(16),fisher16,peds_afim,PEDS-afim,1024,2,0.0911,0.0876,380,,,20770.0
Fisher(16),fisher16,peds_afim,PEDS-afim,1024,3,0.0837,0.0789,390,,,20770.0
Fisher(16),fisher16,peds_afim,PEDS-afim,1024,4,0.1188,0.1149,400,,,20770.0
Fisher(16),fisher16,peds_afim,PEDS-afim,1024,5,0.0893,0.0824,400,,,20770.0
Fisher(16),fisher16,peds_afim,PEDS-afim,1024,6,0.0836,0.0776,380,,,20770.0
Fisher(16),fisher16,peds_afim,PEDS-afim,1024,7,0.0887,0.0855,400,,,20770.0
Fisher(16),fisher16,peds_afim,PEDS-afim,1024,8,0.0754,0.0707,400,,,20770.0
Fisher(16),fisher16,peds_afim,PEDS-afim,1024,9,0.1623,0.1635,400,,,20770.0
Fisher(16),fisher16,nn_only,NN-only,1024,0,0.1121,0.1038,230,,,20769.0
Fisher(16),fisher16,nn_only,NN-only,1024,1,0.1045,0.0993,360,,,20769.0
Fisher(16),fisher16,nn_only,NN-only,1024,2,0.1044,0.0975,290,,,20769.0
Fisher(16),fisher16,nn_only,NN-only,1024,3,0.1092,0.1038,390,,,20769.0
Fisher(16),fisher16,nn_only,NN-only,1024,4,0.0991,0.0938,350,,,20769.0
Fisher(16),fisher16,nn_only,NN-only,1024,5,0.1142,0.1092,270,,,20769.0
Fisher(16),fisher16,nn_only,NN-only,1024,6,0.1099,0.1048,270,,,20769.0
Fisher(16),fisher16,nn_only,NN-only,1024,7,0.1011,0.094,290,,,20769.0
Fisher(16),fisher16,nn_only,NN-only,1024,8,0.0887,0.0848,390,,,20769.0
Fisher(16),fisher16,nn_only,NN-only,1024,9,0.0872,0.0832,400,,,20769.0
Fisher(16),fisher16,peds,PEDS físico,2048,0,0.0575,0.0496,400,,,20753.0
Fisher(16),fisher16,peds,PEDS físico,2048,1,0.0592,0.051,390,,,20753.0
Fisher(16),fisher16,peds,PEDS físico,2048,2,0.0603,0.0519,400,,,20753.0
Fisher(16),fisher16,peds,PEDS físico,2048,3,0.0598,0.0508,400,,,20753.0
Fisher(16),fisher16,peds,PEDS físico,2048,4,0.0597,0.052,400,,,20753.0
Fisher(16),fisher16,peds,PEDS físico,2048,5,0.0596,0.0511,400,,,20753.0
Fisher(16),fisher16,peds,PEDS físico,2048,6,0.0617,0.0545,400,,,20753.0
Fisher(16),fisher16,peds,PEDS físico,2048,7,0.0575,0.0486,400,,,20753.0
Fisher(16),fisher16,peds,PEDS físico,2048,8,0.0591,0.0512,400,,,20753.0
Fisher(16),fisher16,peds,PEDS físico,2048,9,0.0542,0.0461,400,,,20753.0
Fisher(16),fisher16,peds_afim,PEDS-afim,2048,0,0.074,0.073,400,,,20770.0
Fisher(16),fisher16,peds_afim,PEDS-afim,2048,1,0.0666,0.0644,400,,,20770.0
Fisher(16),fisher16,peds_afim,PEDS-afim,2048,2,0.0693,0.0669,400,,,20770.0
Fisher(16),fisher16,peds_afim,PEDS-afim,2048,3,0.065,0.0617,400,,,20770.0
Fisher(16),fisher16,peds_afim,PEDS-afim,2048,4,0.0663,0.0642,400,,,20770.0
Fisher(16),fisher16,peds_afim,PEDS-afim,2048,5,0.0722,0.0672,390,,,20770.0
Fisher(16),fisher16,peds_afim,PEDS-afim,2048,6,0.0664,0.0619,400,,,20770.0
Fisher(16),fisher16,peds_afim,PEDS-afim,2048,7,0.066,0.0621,400,,,20770.0
Fisher(16),fisher16,peds_afim,PEDS-afim,2048,8,0.0602,0.0567,400,,,20770.0
Fisher(16),fisher16,peds_afim,PEDS-afim,2048,9,0.0678,0.0665,400,,,20770.0
Fisher(16),fisher16,nn_only,NN-only,2048,0,0.1089,0.1021,130,,,20769.0
Fisher(16),fisher16,nn_only,NN-only,2048,1,0.0985,0.0935,390,,,20769.0
Fisher(16),fisher16,nn_only,NN-only,2048,2,0.0991,0.0929,280,,,20769.0
Fisher(16),fisher16,nn_only,NN-only,2048,3,0.1077,0.1032,190,,,20769.0
Fisher(16),fisher16,nn_only,NN-only,2048,4,0.0987,0.0949,260,,,20769.0
Fisher(16),fisher16,nn_only,NN-only,2048,5,0.1078,0.1043,120,,,20769.0
Fisher(16),fisher16,nn_only,NN-only,2048,6,0.1083,0.1037,130,,,20769.0
Fisher(16),fisher16,nn_only,NN-only,2048,7,0.0972,0.0911,190,,,20769.0
Fisher(16),fisher16,nn_only,NN-only,2048,8,0.081,0.0775,310,,,20769.0
Fisher(16),fisher16,nn_only,NN-only,2048,9,0.0786,0.0752,340,,,20769.0
Fisher(16),fisher16,peds,PEDS físico,4096,0,0.0482,0.0392,370,,,20753.0
Fisher(16),fisher16,peds,PEDS físico,4096,1,0.0488,0.0398,400,,,20753.0
Fisher(16),fisher16,peds,PEDS físico,4096,2,0.0506,0.0415,390,,,20753.0
Fisher(16),fisher16,peds,PEDS físico,4096,3,0.0502,0.0411,390,,,20753.0
Fisher(16),fisher16,peds,PEDS físico,4096,4,0.0488,0.0401,390,,,20753.0
Fisher(16),fisher16,peds,PEDS físico,4096,5,0.0496,0.0406,400,,,20753.0
Fisher(16),fisher16,peds,PEDS físico,4096,6,0.0501,0.042,400,,,20753.0
Fisher(16),fisher16,peds,PEDS físico,4096,7,0.0474,0.0382,400,,,20753.0
Fisher(16),fisher16,peds,PEDS físico,4096,8,0.0496,0.0405,380,,,20753.0
Fisher(16),fisher16,peds,PEDS físico,4096,9,0.0456,0.0368,390,,,20753.0
Fisher(16),fisher16,peds_afim,PEDS-afim,4096,0,0.0447,0.0436,400,,,20770.0
Fisher(16),fisher16,peds_afim,PEDS-afim,4096,1,0.0471,0.0448,400,,,20770.0
Fisher(16),fisher16,peds_afim,PEDS-afim,4096,2,0.0497,0.048,400,,,20770.0
Fisher(16),fisher16,peds_afim,PEDS-afim,4096,3,0.0469,0.045,390,,,20770.0
Fisher(16),fisher16,peds_afim,PEDS-afim,4096,4,0.0436,0.0416,400,,,20770.0
Fisher(16),fisher16,peds_afim,PEDS-afim,4096,5,0.054,0.0489,400,,,20770.0
Fisher(16),fisher16,peds_afim,PEDS-afim,4096,6,0.0487,0.045,400,,,20770.0
Fisher(16),fisher16,peds_afim,PEDS-afim,4096,7,0.0452,0.0416,400,,,20770.0
Fisher(16),fisher16,peds_afim,PEDS-afim,4096,8,0.045,0.042,400,,,20770.0
Fisher(16),fisher16,peds_afim,PEDS-afim,4096,9,0.0392,0.0384,400,,,20770.0
Fisher(16),fisher16,nn_only,NN-only,4096,0,0.107,0.1009,140,,,20769.0
Fisher(16),fisher16,nn_only,NN-only,4096,1,0.1014,0.0965,100,,,20769.0
Fisher(16),fisher16,nn_only,NN-only,4096,2,0.0966,0.0905,120,,,20769.0
Fisher(16),fisher16,nn_only,NN-only,4096,3,0.1072,0.1022,110,,,20769.0
Fisher(16),fisher16,nn_only,NN-only,4096,4,0.0989,0.0953,160,,,20769.0
Fisher(16),fisher16,nn_only,NN-only,4096,5,0.1105,0.1069,90,,,20769.0
Fisher(16),fisher16,nn_only,NN-only,4096,6,0.1072,0.1023,210,,,20769.0
Fisher(16),fisher16,nn_only,NN-only,4096,7,0.0908,0.0854,140,,,20769.0
Fisher(16),fisher16,nn_only,NN-only,4096,8,0.0838,0.0808,120,,,20769.0
Fisher(16),fisher16,nn_only,NN-only,4096,9,0.0756,0.072,210,,,20769.0
Fisher(25),fisher25,peds,PEDS físico,64,0,0.1125,0.1157,400,,,23066.0
Fisher(25),fisher25,peds,PEDS físico,64,1,0.1115,0.113,400,,,23066.0
Fisher(25),fisher25,peds,PEDS físico,64,2,0.1155,0.1198,400,,,23066.0
Fisher(25),fisher25,peds,PEDS físico,64,3,0.1122,0.1152,400,,,23066.0
Fisher(25),fisher25,peds,PEDS físico,64,4,0.1153,0.1185,400,,,23066.0
Fisher(25),fisher25,peds,PEDS físico,64,5,0.112,0.1156,400,,,23066.0
Fisher(25),fisher25,peds,PEDS físico,64,6,0.1157,0.1193,400,,,23066.0
Fisher(25),fisher25,peds,PEDS físico,64,7,0.1149,0.1184,390,,,23066.0
Fisher(25),fisher25,peds,PEDS físico,64,8,0.1125,0.115,400,,,23066.0
Fisher(25),fisher25,peds,PEDS físico,64,9,0.1105,0.1127,400,,,23066.0
Fisher(25),fisher25,peds_afim,PEDS-afim,64,0,0.232,0.234,400,,,23092.0
Fisher(25),fisher25,peds_afim,PEDS-afim,64,1,0.2812,0.2821,400,,,23092.0
Fisher(25),fisher25,peds_afim,PEDS-afim,64,2,0.2871,0.28,260,,,23092.0
Fisher(25),fisher25,peds_afim,PEDS-afim,64,3,0.2901,0.2955,400,,,23092.0
Fisher(25),fisher25,peds_afim,PEDS-afim,64,4,0.2924,0.2759,400,,,23092.0
Fisher(25),fisher25,peds_afim,PEDS-afim,64,5,0.246,0.2312,400,,,23092.0
Fisher(25),fisher25,peds_afim,PEDS-afim,64,6,0.2131,0.2212,400,,,23092.0
Fisher(25),fisher25,peds_afim,PEDS-afim,64,7,0.2483,0.2468,400,,,23092.0
Fisher(25),fisher25,peds_afim,PEDS-afim,64,8,0.2894,0.282,400,,,23092.0
Fisher(25),fisher25,peds_afim,PEDS-afim,64,9,0.2358,0.2399,400,,,23092.0
Fisher(25),fisher25,nn_only,NN-only,64,0,0.1561,0.1603,360,,,23091.0
Fisher(25),fisher25,nn_only,NN-only,64,1,0.1736,0.1768,370,,,23091.0
Fisher(25),fisher25,nn_only,NN-only,64,2,0.1764,0.1793,400,,,23091.0
Fisher(25),fisher25,nn_only,NN-only,64,3,0.1646,0.1687,190,,,23091.0
Fisher(25),fisher25,nn_only,NN-only,64,4,0.1638,0.1676,390,,,23091.0
Fisher(25),fisher25,nn_only,NN-only,64,5,0.1648,0.1692,370,,,23091.0
Fisher(25),fisher25,nn_only,NN-only,64,6,0.1578,0.1605,400,,,23091.0
Fisher(25),fisher25,nn_only,NN-only,64,7,0.1528,0.1561,280,,,23091.0
Fisher(25),fisher25,nn_only,NN-only,64,8,0.1659,0.1705,400,,,23091.0
Fisher(25),fisher25,nn_only,NN-only,64,9,0.1682,0.17,340,,,23091.0
Fisher(25),fisher25,peds,PEDS físico,128,0,0.1014,0.1041,400,,,23066.0
Fisher(25),fisher25,peds,PEDS físico,128,1,0.1008,0.1018,400,,,23066.0
Fisher(25),fisher25,peds,PEDS físico,128,2,0.106,0.1095,400,,,23066.0
Fisher(25),fisher25,peds,PEDS físico,128,3,0.1053,0.1075,400,,,23066.0
Fisher(25),fisher25,peds,PEDS físico,128,4,0.107,0.1096,400,,,23066.0
Fisher(25),fisher25,peds,PEDS físico,128,5,0.1027,0.1051,400,,,23066.0
Fisher(25),fisher25,peds,PEDS físico,128,6,0.1071,0.1099,400,,,23066.0
Fisher(25),fisher25,peds,PEDS físico,128,7,0.1105,0.1137,400,,,23066.0
Fisher(25),fisher25,peds,PEDS físico,128,8,0.1018,0.1035,400,,,23066.0
Fisher(25),fisher25,peds,PEDS físico,128,9,0.0976,0.0992,400,,,23066.0
Fisher(25),fisher25,peds_afim,PEDS-afim,128,0,0.208,0.2103,400,,,23092.0
Fisher(25),fisher25,peds_afim,PEDS-afim,128,1,0.2553,0.2593,400,,,23092.0
Fisher(25),fisher25,peds_afim,PEDS-afim,128,2,0.2853,0.2795,140,,,23092.0
Fisher(25),fisher25,peds_afim,PEDS-afim,128,3,0.2507,0.2562,400,,,23092.0
Fisher(25),fisher25,peds_afim,PEDS-afim,128,4,0.2568,0.2441,400,,,23092.0
Fisher(25),fisher25,peds_afim,PEDS-afim,128,5,0.2187,0.2064,400,,,23092.0
Fisher(25),fisher25,peds_afim,PEDS-afim,128,6,0.1664,0.1723,400,,,23092.0
Fisher(25),fisher25,peds_afim,PEDS-afim,128,7,0.1641,0.1682,400,,,23092.0
Fisher(25),fisher25,peds_afim,PEDS-afim,128,8,0.2449,0.2368,400,,,23092.0
Fisher(25),fisher25,peds_afim,PEDS-afim,128,9,0.1882,0.1908,400,,,23092.0
Fisher(25),fisher25,nn_only,NN-only,128,0,0.1411,0.1455,390,,,23091.0
Fisher(25),fisher25,nn_only,NN-only,128,1,0.157,0.1588,400,,,23091.0
Fisher(25),fisher25,nn_only,NN-only,128,2,0.1614,0.1636,400,,,23091.0
Fisher(25),fisher25,nn_only,NN-only,128,3,0.1459,0.148,400,,,23091.0
Fisher(25),fisher25,nn_only,NN-only,128,4,0.1458,0.1496,360,,,23091.0
Fisher(25),fisher25,nn_only,NN-only,128,5,0.1486,0.1515,380,,,23091.0
Fisher(25),fisher25,nn_only,NN-only,128,6,0.1401,0.1416,400,,,23091.0
Fisher(25),fisher25,nn_only,NN-only,128,7,0.1396,0.1442,400,,,23091.0
Fisher(25),fisher25,nn_only,NN-only,128,8,0.147,0.1504,400,,,23091.0
Fisher(25),fisher25,nn_only,NN-only,128,9,0.15,0.1515,400,,,23091.0
Fisher(25),fisher25,peds,PEDS físico,256,0,0.0847,0.0863,400,,,23066.0
Fisher(25),fisher25,peds,PEDS físico,256,1,0.0859,0.0876,400,,,23066.0
Fisher(25),fisher25,peds,PEDS físico,256,2,0.0869,0.0898,400,,,23066.0
Fisher(25),fisher25,peds,PEDS físico,256,3,0.0853,0.0868,400,,,23066.0
Fisher(25),fisher25,peds,PEDS físico,256,4,0.088,0.0899,400,,,23066.0
Fisher(25),fisher25,peds,PEDS físico,256,5,0.0874,0.0891,400,,,23066.0
Fisher(25),fisher25,peds,PEDS físico,256,6,0.087,0.089,400,,,23066.0
Fisher(25),fisher25,peds,PEDS físico,256,7,0.0911,0.093,400,,,23066.0
Fisher(25),fisher25,peds,PEDS físico,256,8,0.0844,0.0859,400,,,23066.0
Fisher(25),fisher25,peds,PEDS físico,256,9,0.0837,0.0856,400,,,23066.0
Fisher(25),fisher25,peds_afim,PEDS-afim,256,0,0.1439,0.1447,400,,,23092.0
Fisher(25),fisher25,peds_afim,PEDS-afim,256,1,0.2473,0.2519,400,,,23092.0
Fisher(25),fisher25,peds_afim,PEDS-afim,256,2,0.223,0.2217,400,,,23092.0
Fisher(25),fisher25,peds_afim,PEDS-afim,256,3,0.2015,0.2064,400,,,23092.0
Fisher(25),fisher25,peds_afim,PEDS-afim,256,4,0.2005,0.1926,400,,,23092.0
Fisher(25),fisher25,peds_afim,PEDS-afim,256,5,0.1512,0.1464,400,,,23092.0
Fisher(25),fisher25,peds_afim,PEDS-afim,256,6,0.1105,0.1147,400,,,23092.0
Fisher(25),fisher25,peds_afim,PEDS-afim,256,7,0.1162,0.1194,400,,,23092.0
Fisher(25),fisher25,peds_afim,PEDS-afim,256,8,0.1962,0.1892,400,,,23092.0
Fisher(25),fisher25,peds_afim,PEDS-afim,256,9,0.1285,0.13,400,,,23092.0
Fisher(25),fisher25,nn_only,NN-only,256,0,0.1273,0.1325,400,,,23091.0
Fisher(25),fisher25,nn_only,NN-only,256,1,0.14,0.1437,380,,,23091.0
Fisher(25),fisher25,nn_only,NN-only,256,2,0.1391,0.1407,380,,,23091.0
Fisher(25),fisher25,nn_only,NN-only,256,3,0.1347,0.1373,390,,,23091.0
Fisher(25),fisher25,nn_only,NN-only,256,4,0.1361,0.1416,350,,,23091.0
Fisher(25),fisher25,nn_only,NN-only,256,5,0.1364,0.1397,380,,,23091.0
Fisher(25),fisher25,nn_only,NN-only,256,6,0.1269,0.1299,380,,,23091.0
Fisher(25),fisher25,nn_only,NN-only,256,7,0.1393,0.1436,280,,,23091.0
Fisher(25),fisher25,nn_only,NN-only,256,8,0.1367,0.1407,390,,,23091.0
Fisher(25),fisher25,nn_only,NN-only,256,9,0.1342,0.1356,390,,,23091.0
Fisher(25),fisher25,peds,PEDS físico,512,0,0.073,0.075,380,,,23066.0
Fisher(25),fisher25,peds,PEDS físico,512,1,0.0737,0.0753,400,,,23066.0
Fisher(25),fisher25,peds,PEDS físico,512,2,0.0729,0.0754,400,,,23066.0
Fisher(25),fisher25,peds,PEDS físico,512,3,0.0715,0.0728,390,,,23066.0
Fisher(25),fisher25,peds,PEDS físico,512,4,0.0733,0.0756,400,,,23066.0
Fisher(25),fisher25,peds,PEDS físico,512,5,0.0752,0.0772,390,,,23066.0
Fisher(25),fisher25,peds,PEDS físico,512,6,0.0724,0.0745,390,,,23066.0
Fisher(25),fisher25,peds,PEDS físico,512,7,0.0749,0.0765,400,,,23066.0
Fisher(25),fisher25,peds,PEDS físico,512,8,0.0731,0.0744,400,,,23066.0
Fisher(25),fisher25,peds,PEDS físico,512,9,0.0729,0.0753,400,,,23066.0
Fisher(25),fisher25,peds_afim,PEDS-afim,512,0,0.1009,0.1011,400,,,23092.0
Fisher(25),fisher25,peds_afim,PEDS-afim,512,1,0.2254,0.231,400,,,23092.0
Fisher(25),fisher25,peds_afim,PEDS-afim,512,2,0.1313,0.1317,400,,,23092.0
Fisher(25),fisher25,peds_afim,PEDS-afim,512,3,0.1094,0.1117,400,,,23092.0
Fisher(25),fisher25,peds_afim,PEDS-afim,512,4,0.1182,0.1147,400,,,23092.0
Fisher(25),fisher25,peds_afim,PEDS-afim,512,5,0.1076,0.1049,400,,,23092.0
Fisher(25),fisher25,peds_afim,PEDS-afim,512,6,0.0856,0.0886,400,,,23092.0
Fisher(25),fisher25,peds_afim,PEDS-afim,512,7,0.0979,0.1005,390,,,23092.0
Fisher(25),fisher25,peds_afim,PEDS-afim,512,8,0.118,0.116,400,,,23092.0
Fisher(25),fisher25,peds_afim,PEDS-afim,512,9,0.0946,0.0939,400,,,23092.0
Fisher(25),fisher25,nn_only,NN-only,512,0,0.1201,0.1256,310,,,23091.0
Fisher(25),fisher25,nn_only,NN-only,512,1,0.1239,0.1292,390,,,23091.0
Fisher(25),fisher25,nn_only,NN-only,512,2,0.1173,0.121,400,,,23091.0
Fisher(25),fisher25,nn_only,NN-only,512,3,0.124,0.1273,370,,,23091.0
Fisher(25),fisher25,nn_only,NN-only,512,4,0.1245,0.1308,370,,,23091.0
Fisher(25),fisher25,nn_only,NN-only,512,5,0.1211,0.1264,390,,,23091.0
Fisher(25),fisher25,nn_only,NN-only,512,6,0.1148,0.1195,400,,,23091.0
Fisher(25),fisher25,nn_only,NN-only,512,7,0.131,0.1365,210,,,23091.0
Fisher(25),fisher25,nn_only,NN-only,512,8,0.1263,0.1312,370,,,23091.0
Fisher(25),fisher25,nn_only,NN-only,512,9,0.1202,0.1222,360,,,23091.0
Fisher(25),fisher25,peds,PEDS físico,1024,0,0.0694,0.0727,400,,,23066.0
Fisher(25),fisher25,peds,PEDS físico,1024,1,0.0693,0.0726,400,,,23066.0
Fisher(25),fisher25,peds,PEDS físico,1024,2,0.0693,0.0735,380,,,23066.0
Fisher(25),fisher25,peds,PEDS físico,1024,3,0.0679,0.0703,390,,,23066.0
Fisher(25),fisher25,peds,PEDS físico,1024,4,0.0694,0.073,400,,,23066.0
Fisher(25),fisher25,peds,PEDS físico,1024,5,0.0714,0.0741,380,,,23066.0
Fisher(25),fisher25,peds,PEDS físico,1024,6,0.0695,0.0727,340,,,23066.0
Fisher(25),fisher25,peds,PEDS físico,1024,7,0.0711,0.0736,280,,,23066.0
Fisher(25),fisher25,peds,PEDS físico,1024,8,0.0700945854187011,0.0724627003073692,380,400.0,0.3663406372070312,23066.0
Fisher(25),fisher25,peds,PEDS físico,1024,9,0.070791944861412,0.0735618323087692,330,400.0,0.366668701171875,23066.0
Fisher(25),fisher25,peds_afim,PEDS-afim,1024,0,0.087536908686161,0.0889681354165077,400,400.0,0.5192078351974487,23092.0
Fisher(25),fisher25,peds_afim,PEDS-afim,1024,1,0.1580456644296646,0.1614330261945724,400,400.0,0.5463153719902039,23092.0
Fisher(25),fisher25,peds_afim,PEDS-afim,1024,2,0.0932303965091705,0.0939240902662277,400,400.0,0.5014547109603882,23092.0
Fisher(25),fisher25,peds_afim,PEDS-afim,1024,3,0.0886371433734893,0.0894771292805671,400,400.0,0.5376130938529968,23092.0
Fisher(25),fisher25,peds_afim,PEDS-afim,1024,4,0.0859402492642402,0.086686797440052,380,400.0,0.546074390411377,23092.0
Fisher(25),fisher25,peds_afim,PEDS-afim,1024,5,0.0895246788859367,0.0892649963498115,400,400.0,0.5303495526313782,23092.0
Fisher(25),fisher25,peds_afim,PEDS-afim,1024,6,0.0766117125749588,0.0782420858740806,400,400.0,0.5269742608070374,23092.0
Fisher(25),fisher25,peds_afim,PEDS-afim,1024,7,0.0949497371912002,0.098591424524784,280,360.0,0.5411607623100281,23092.0
Fisher(25),fisher25,peds_afim,PEDS-afim,1024,8,0.0881459563970565,0.0887586027383804,400,400.0,0.5290406942367554,23092.0
Fisher(25),fisher25,peds_afim,PEDS-afim,1024,9,0.0838275551795959,0.0846948400139808,390,400.0,0.5358794331550598,23092.0
Fisher(25),fisher25,nn_only,NN-only,1024,0,0.1248038187623024,0.1300736218690872,110,190.0,,23091.0
Fisher(25),fisher25,nn_only,NN-only,1024,1,0.1186417192220687,0.1237653121352195,350,400.0,,23091.0
Fisher(25),fisher25,nn_only,NN-only,1024,2,0.1148604080080986,0.1189175471663475,250,330.0,,23091.0
Fisher(25),fisher25,nn_only,NN-only,1024,3,0.1166642904281616,0.1207381412386894,270,350.0,,23091.0
Fisher(25),fisher25,nn_only,NN-only,1024,4,0.1193526908755302,0.1250405758619308,270,350.0,,23091.0
Fisher(25),fisher25,nn_only,NN-only,1024,5,0.1169204264879226,0.1231385469436645,310,390.0,,23091.0
Fisher(25),fisher25,nn_only,NN-only,1024,6,0.112476535141468,0.1173907965421676,260,340.0,,23091.0
Fisher(25),fisher25,nn_only,NN-only,1024,7,0.1251247525215149,0.1303272843360901,250,330.0,,23091.0
Fisher(25),fisher25,nn_only,NN-only,1024,8,0.1278405636548996,0.1328467279672622,180,260.0,,23091.0
Fisher(25),fisher25,nn_only,NN-only,1024,9,0.1132626235485076,0.1150707527995109,290,370.0,,23091.0
Fisher(25),fisher25,peds,PEDS físico,2048,0,0.064895860850811,0.0680181980133056,390,400.0,0.3743676543235779,23066.0
Fisher(25),fisher25,peds,PEDS físico,2048,1,0.0652740523219108,0.0684782713651657,380,400.0,0.3754565715789795,23066.0
Fisher(25),fisher25,peds,PEDS físico,2048,2,0.0636127740144729,0.0679809302091598,400,400.0,0.3783718943595886,23066.0
Fisher(25),fisher25,peds,PEDS físico,2048,3,0.0634483769536018,0.0660731419920921,370,400.0,0.3780310750007629,23066.0
Fisher(25),fisher25,peds,PEDS físico,2048,4,0.0631668716669082,0.0667608231306076,380,400.0,0.3781874775886535,23066.0
Fisher(25),fisher25,peds,PEDS físico,2048,5,0.0664904043078422,0.0693504214286804,390,400.0,0.3711201548576355,23066.0
Fisher(25),fisher25,peds,PEDS físico,2048,6,0.0660083591938018,0.0692775771021843,400,400.0,0.3766535818576813,23066.0
Fisher(25),fisher25,peds,PEDS físico,2048,7,0.0657764673233032,0.0692450627684593,360,400.0,0.3748879134654999,23066.0
Fisher(25),fisher25,peds,PEDS físico,2048,8,0.0655730962753295,0.0683484524488449,380,400.0,0.3765148222446441,23066.0
Fisher(25),fisher25,peds,PEDS físico,2048,9,0.06547532975673676,0.06823809444904327,370,400.0,0.372681587934494,23066.0
Fisher(25),fisher25,peds_afim,PEDS-afim,2048,0,0.07503277063369751,0.07604589313268661,390,400.0,0.4721142053604126,23092.0
Fisher(25),fisher25,peds_afim,PEDS-afim,2048,1,0.06742891669273376,0.06838221102952957,400,400.0,0.4188585877418518,23092.0
Fisher(25),fisher25,peds_afim,PEDS-afim,2048,2,0.06758899241685867,0.06794615834951401,400,400.0,0.4377477467060089,23092.0
Fisher(25),fisher25,peds_afim,PEDS-afim,2048,3,0.07282037287950516,0.07300738990306854,400,400.0,0.5003133416175842,23092.0
Fisher(25),fisher25,peds_afim,PEDS-afim,2048,4,0.06867611408233643,0.06886867433786392,380,400.0,0.5178840160369873,23092.0
Fisher(25),fisher25,peds_afim,PEDS-afim,2048,5,0.07604251056909561,0.07656394690275192,390,400.0,0.4816761910915375,23092.0
Fisher(25),fisher25,peds_afim,PEDS-afim,2048,6,0.06710553914308548,0.06823096424341202,400,400.0,0.489114910364151,23092.0
Fisher(25),fisher25,peds_afim,PEDS-afim,2048,7,0.09638065099716187,0.09729409962892532,80,160.0,0.5248965620994568,23092.0
Fisher(25),fisher25,peds_afim,PEDS-afim,2048,8,0.0694490596652031,0.07134880125522614,400,400.0,0.47335928678512573,23092.0
Fisher(25),fisher25,peds_afim,PEDS-afim,2048,9,0.07071159034967422,0.07050798088312149,400,400.0,0.49071004986763,23092.0
Fisher(25),fisher25,nn_only,NN-only,2048,0,0.11541374027729034,0.12109903991222382,210,290.0,,23091.0
Fisher(25),fisher25,nn_only,NN-only,2048,1,0.11649064719676971,0.12118775397539139,160,240.0,,23091.0
Fisher(25),fisher25,nn_only,NN-only,2048,2,0.11130554974079132,0.11459887772798538,140,220.0,,23091.0
Fisher(25),fisher25,nn_only,NN-only,2048,3,0.12199236452579498,0.12503528594970703,90,170.0,,23091.0
Fisher(25),fisher25,nn_only,NN-only,2048,4,0.11810605227947235,0.12373047322034836,170,250.0,,23091.0
Fisher(25),fisher25,nn_only,NN-only,2048,5,0.11622718721628189,0.12164422124624252,150,230.0,,23091.0
Fisher(25),fisher25,nn_only,NN-only,2048,6,0.109346903860569,0.11367322504520416,150,230.0,,23091.0
Fisher(25),fisher25,nn_only,NN-only,2048,7,0.12327488511800766,0.12787829339504242,140,220.0,,23091.0
Fisher(25),fisher25,nn_only,NN-only,2048,8,0.12631163001060486,0.1311914622783661,130,210.0,,23091.0
Fisher(25),fisher25,nn_only,NN-only,2048,9,0.10937134176492691,0.11120985448360443,170,250.0,,23091.0
Fisher(25),fisher25,peds,PEDS físico,4096,0,0.05261395126581192,0.055207688361406326,400,400.0,0.4171440601348877,23066.0
Fisher(25),fisher25,peds,PEDS físico,4096,1,0.05431515723466873,0.057417143136262894,400,400.0,0.4176778495311737,23066.0
Fisher(25),fisher25,peds,PEDS físico,4096,2,0.05304088816046715,0.05703442916274071,390,400.0,0.4147409200668335,23066.0
Fisher(25),fisher25,peds,PEDS físico,4096,3,0.051875434815883636,0.055121034383773804,370,400.0,0.4148346483707428,23066.0
Fisher(25),fisher25,peds,PEDS físico,4096,4,0.05037495866417885,0.053097713738679886,400,400.0,0.41924676299095154,23066.0
Fisher(25),fisher25,peds,PEDS físico,4096,5,0.05478384345769882,0.057976607233285904,400,400.0,0.4113519787788391,23066.0
Fisher(25),fisher25,peds,PEDS físico,4096,6,0.05615360662341118,0.05937524139881134,390,400.0,0.4115191698074341,23066.0
Fisher(25),fisher25,peds,PEDS físico,4096,7,0.05377315729856491,0.057930879294872284,400,400.0,0.4153117537498474,23066.0
Fisher(25),fisher25,peds,PEDS físico,4096,8,0.057792432606220245,0.060948699712753296,400,400.0,0.4168732166290283,23066.0
Fisher(25),fisher25,peds,PEDS físico,4096,9,0.05377647653222084,0.05665438249707222,390,400.0,0.4123438000679016,23066.0
Fisher(25),fisher25,peds_afim,PEDS-afim,4096,0,0.055165864527225494,0.05577818676829338,400,400.0,0.3856116533279419,23092.0
Fisher(25),fisher25,peds_afim,PEDS-afim,4096,1,0.04917198419570923,0.04914936423301697,400,400.0,0.1699618697166443,23092.0
Fisher(25),fisher25,peds_afim,PEDS-afim,4096,2,0.049752287566661835,0.050268616527318954,400,400.0,0.30611610412597656,23092.0
Fisher(25),fisher25,peds_afim,PEDS-afim,4096,3,0.05364177003502846,0.053332287818193436,400,400.0,0.4163152873516083,23092.0
Fisher(25),fisher25,peds_afim,PEDS-afim,4096,4,0.0497383251786232,0.050090037286281586,400,400.0,0.44023117423057556,23092.0
Fisher(25),fisher25,peds_afim,PEDS-afim,4096,5,0.0577133372426033,0.057972654700279236,400,400.0,0.3860197365283966,23092.0
Fisher(25),fisher25,peds_afim,PEDS-afim,4096,6,0.05262523889541626,0.052903447300195694,370,400.0,0.44124552607536316,23092.0
Fisher(25),fisher25,peds_afim,PEDS-afim,4096,7,0.06116655841469765,0.0622696615755558,380,400.0,0.48928752541542053,23092.0
Fisher(25),fisher25,peds_afim,PEDS-afim,4096,8,0.05268705636262894,0.053713638335466385,400,400.0,0.38645419478416443,23092.0
Fisher(25),fisher25,peds_afim,PEDS-afim,4096,9,0.05371523275971413,0.05343107879161835,390,400.0,0.41129961609840393,23092.0
Fisher(25),fisher25,nn_only,NN-only,4096,0,0.11121638119220734,0.11608438193798065,70,150.0,,23091.0
Fisher(25),fisher25,nn_only,NN-only,4096,1,0.1126248762011528,0.11720030754804611,80,160.0,,23091.0
Fisher(25),fisher25,nn_only,NN-only,4096,2,0.10883142054080963,0.11247031390666962,60,140.0,,23091.0
Fisher(25),fisher25,nn_only,NN-only,4096,3,0.11835961043834686,0.12079253792762756,40,120.0,,23091.0
Fisher(25),fisher25,nn_only,NN-only,4096,4,0.11346260458230972,0.11875134706497192,100,180.0,,23091.0
Fisher(25),fisher25,nn_only,NN-only,4096,5,0.11161097884178162,0.11599600315093994,70,150.0,,23091.0
Fisher(25),fisher25,nn_only,NN-only,4096,6,0.10885297507047653,0.11348272114992142,140,220.0,,23091.0
Fisher(25),fisher25,nn_only,NN-only,4096,7,0.1211792379617691,0.12588180601596832,60,140.0,,23091.0
Fisher(25),fisher25,nn_only,NN-only,4096,8,0.1183406412601471,0.12393267452716827,120,200.0,,23091.0
Fisher(25),fisher25,nn_only,NN-only,4096,9,0.10789410024881363,0.11061938107013702,120,200.0,,23091.0
