Timestamp,SO,GPU_Nome,Modelo_IA,Total_Parametros,Época,Tempo_Treino_(s),Uso_CPU_Geral,CPU_Livre,CPU_Nucleos_Totais,CPU_Nucleos_Ativos,RAM_Total_(GB),RAM_SO_(GB),RAM_IA_(GB),RAM_Livre_(GB),RAM_P_IA,RAM_P_SO,RAM_P_Livre,VRAM_Total_(MB),VRAM_SO_(MB),VRAM_IA_(MB),VRAM_Livre_(MB),GPU_P_IA,GPU_P_SO,GPU_P_Livre,Temp_GPU_(°C)
2026-06-01 19:14:04,Linux 6.6.87.2-microsoft-standard-WSL2,NVIDIA GeForce RTX 4060,Fourier25_PEDS_m3,"23,066",1,2.01,7.6%,92.4%,16,1,15.58,1.91,0.84,12.83,5.39%,12.26%,82.35%,8188.0,2878.45,18.09,5291.46,0.22%,35.15%,64.63%,45
2026-06-01 19:14:08,Linux 6.6.87.2-microsoft-standard-WSL2,NVIDIA GeForce RTX 4060,Fourier25_PEDS_m3,"23,066",2,2.0,6.5%,93.5%,16,2,15.58,1.91,0.84,12.83,5.39%,12.26%,82.35%,8188.0,2861.45,18.09,5308.46,0.22%,34.95%,64.83%,45
2026-06-01 19:14:10,Linux 6.6.87.2-microsoft-standard-WSL2,NVIDIA GeForce RTX 4060,Fourier25_PEDS_m3,"23,066",3,1.94,7.1%,92.9%,16,2,15.58,1.92,0.84,12.82,5.39%,12.32%,82.29%,8188.0,2861.45,18.09,5308.46,0.22%,34.95%,64.83%,45
2026-06-01 19:14:12,Linux 6.6.87.2-microsoft-standard-WSL2,NVIDIA GeForce RTX 4060,Fourier25_PEDS_m3,"23,066",4,1.96,6.8%,93.2%,16,2,15.58,1.92,0.84,12.82,5.39%,12.32%,82.29%,8188.0,2861.45,18.09,5308.46,0.22%,34.95%,64.83%,45
2026-06-01 19:14:14,Linux 6.6.87.2-microsoft-standard-WSL2,NVIDIA GeForce RTX 4060,Fourier25_PEDS_m3,"23,066",5,1.93,6.4%,93.6%,16,1,15.58,1.92,0.84,12.82,5.39%,12.32%,82.29%,8188.0,2861.45,18.09,5308.46,0.22%,34.95%,64.83%,45
2026-06-01 19:14:16,Linux 6.6.87.2-microsoft-standard-WSL2,NVIDIA GeForce RTX 4060,Fourier25_PEDS_m3,"23,066",6,1.94,6.6%,93.4%,16,1,15.58,1.92,0.84,12.82,5.39%,12.32%,82.29%,8188.0,2861.45,18.09,5308.46,0.22%,34.95%,64.83%,45
2026-06-01 19:14:19,Linux 6.6.87.2-microsoft-standard-WSL2,NVIDIA GeForce RTX 4060,Fourier25_PEDS_m3,"23,066",7,1.98,7.4%,92.6%,16,2,15.58,1.92,0.84,12.82,5.39%,12.32%,82.29%,8188.0,2851.5,18.1,5318.4,0.22%,34.83%,64.95%,44
2026-06-01 19:14:21,Linux 6.6.87.2-microsoft-standard-WSL2,NVIDIA GeForce RTX 4060,Fourier25_PEDS_m3,"23,066",8,1.97,7.0%,93.0%,16,2,15.58,1.92,0.84,12.82,5.39%,12.32%,82.29%,8188.0,2854.13,18.1,5315.77,0.22%,34.86%,64.92%,44
2026-06-01 19:14:23,Linux 6.6.87.2-microsoft-standard-WSL2,NVIDIA GeForce RTX 4060,Fourier25_PEDS_m3,"23,066",9,2.0,6.4%,93.6%,16,1,15.58,1.92,0.84,12.82,5.39%,12.32%,82.29%,8188.0,2850.35,18.1,5319.55,0.22%,34.81%,64.97%,45
2026-06-01 19:14:25,Linux 6.6.87.2-microsoft-standard-WSL2,NVIDIA GeForce RTX 4060,Fourier25_PEDS_m3,"23,066",10,1.94,6.6%,93.4%,16,1,15.58,1.92,0.84,12.82,5.39%,12.32%,82.29%,8188.0,2853.81,18.1,5316.09,0.22%,34.85%,64.93%,45
2026-06-01 19:14:27,Linux 6.6.87.2-microsoft-standard-WSL2,NVIDIA GeForce RTX 4060,Fourier25_PEDS_m3,"23,066",11,1.99,6.4%,93.6%,16,1,15.58,1.92,0.84,12.82,5.39%,12.32%,82.29%,8188.0,2839.15,18.1,5330.75,0.22%,34.67%,65.11%,45
2026-06-01 19:14:31,Linux 6.6.87.2-microsoft-standard-WSL2,NVIDIA GeForce RTX 4060,Fourier25_PEDS_m3,"23,066",12,1.96,6.5%,93.5%,16,1,15.58,1.92,0.84,12.82,5.39%,12.32%,82.29%,8188.0,2871.44,18.1,5298.46,0.22%,35.07%,64.71%,45
2026-06-01 19:14:33,Linux 6.6.87.2-microsoft-standard-WSL2,NVIDIA GeForce RTX 4060,Fourier25_PEDS_m3,"23,066",13,1.96,6.5%,93.5%,16,1,15.58,1.92,0.84,12.82,5.39%,12.32%,82.29%,8188.0,2876.19,18.1,5293.71,0.22%,35.13%,64.65%,45
2026-06-01 19:14:35,Linux 6.6.87.2-microsoft-standard-WSL2,NVIDIA GeForce RTX 4060,Fourier25_PEDS_m3,"23,066",14,1.98,6.5%,93.5%,16,1,15.58,1.92,0.84,12.82,5.39%,12.32%,82.29%,8188.0,2876.31,18.1,5293.59,0.22%,35.13%,64.65%,45
2026-06-01 19:14:37,Linux 6.6.87.2-microsoft-standard-WSL2,NVIDIA GeForce RTX 4060,Fourier25_PEDS_m3,"23,066",15,1.94,6.5%,93.5%,16,1,15.58,1.92,0.84,12.82,5.39%,12.32%,82.29%,8188.0,2877.31,18.1,5292.59,0.22%,35.14%,64.64%,45
2026-06-01 19:14:39,Linux 6.6.87.2-microsoft-standard-WSL2,NVIDIA GeForce RTX 4060,Fourier25_PEDS_m3,"23,066",16,1.97,7.1%,92.9%,16,1,15.58,1.92,0.84,12.82,5.39%,12.32%,82.29%,8188.0,2877.31,18.1,5292.59,0.22%,35.14%,64.64%,45
2026-06-01 19:14:43,Linux 6.6.87.2-microsoft-standard-WSL2,NVIDIA GeForce RTX 4060,Fourier25_PEDS_m3,"23,066",17,1.93,6.4%,93.6%,16,1,15.58,1.92,0.84,12.82,5.39%,12.32%,82.29%,8188.0,2884.62,18.11,5285.27,0.22%,35.23%,64.55%,45
2026-06-01 19:14:45,Linux 6.6.87.2-microsoft-standard-WSL2,NVIDIA GeForce RTX 4060,Fourier25_PEDS_m3,"23,066",18,2.17,6.4%,93.6%,16,1,15.58,1.92,0.84,12.82,5.39%,12.32%,82.29%,8188.0,3056.1,18.11,5113.79,0.22%,37.32%,62.46%,46
2026-06-01 19:14:47,Linux 6.6.87.2-microsoft-standard-WSL2,NVIDIA GeForce RTX 4060,Fourier25_PEDS_m3,"23,066",19,2.0,6.5%,93.5%,16,1,15.58,1.92,0.84,12.82,5.39%,12.32%,82.29%,8188.0,2987.84,18.11,5182.05,0.22%,36.49%,63.29%,45
2026-06-01 19:14:49,Linux 6.6.87.2-microsoft-standard-WSL2,NVIDIA GeForce RTX 4060,Fourier25_PEDS_m3,"23,066",20,2.07,7.0%,93.0%,16,1,15.58,1.92,0.84,12.82,5.39%,12.32%,82.29%,8188.0,2961.21,18.11,5208.68,0.22%,36.17%,63.61%,45
2026-06-01 19:14:51,Linux 6.6.87.2-microsoft-standard-WSL2,NVIDIA GeForce RTX 4060,Fourier25_PEDS_m3,"23,066",21,1.99,6.7%,93.3%,16,1,15.58,1.92,0.84,12.82,5.39%,12.32%,82.29%,8188.0,2955.9,18.11,5213.99,0.22%,36.1%,63.68%,45
2026-06-01 19:14:55,Linux 6.6.87.2-microsoft-standard-WSL2,NVIDIA GeForce RTX 4060,Fourier25_PEDS_m3,"23,066",22,1.96,6.5%,93.5%,16,1,15.58,1.92,0.84,12.82,5.39%,12.32%,82.29%,8188.0,2969.6,18.11,5200.29,0.22%,36.27%,63.51%,46
2026-06-01 19:14:57,Linux 6.6.87.2-microsoft-standard-WSL2,NVIDIA GeForce RTX 4060,Fourier25_PEDS_m3,"23,066",23,1.92,6.4%,93.6%,16,1,15.58,1.92,0.84,12.82,5.39%,12.32%,82.29%,8188.0,2995.41,18.11,5174.48,0.22%,36.58%,63.2%,46
2026-06-01 19:14:58,Linux 6.6.87.2-microsoft-standard-WSL2,NVIDIA GeForce RTX 4060,Fourier25_PEDS_m3,"23,066",24,1.94,7.0%,93.0%,16,1,15.58,1.92,0.84,12.82,5.39%,12.32%,82.29%,8188.0,2953.23,18.11,5216.66,0.22%,36.07%,63.71%,46
2026-06-01 19:15:00,Linux 6.6.87.2-microsoft-standard-WSL2,NVIDIA GeForce RTX 4060,Fourier25_PEDS_m3,"23,066",25,1.92,6.5%,93.5%,16,1,15.58,1.92,0.84,12.82,5.39%,12.32%,82.29%,8188.0,2951.41,18.11,5218.48,0.22%,36.05%,63.73%,46
2026-06-01 19:15:02,Linux 6.6.87.2-microsoft-standard-WSL2,NVIDIA GeForce RTX 4060,Fourier25_PEDS_m3,"23,066",26,1.94,6.4%,93.6%,16,1,15.58,1.92,0.84,12.82,5.39%,12.32%,82.29%,8188.0,2949.6,18.11,5220.29,0.22%,36.02%,63.76%,46
2026-06-01 19:15:06,Linux 6.6.87.2-microsoft-standard-WSL2,NVIDIA GeForce RTX 4060,Fourier25_PEDS_m3,"23,066",27,1.93,6.4%,93.6%,16,1,15.58,1.92,0.84,12.82,5.39%,12.32%,82.29%,8188.0,2960.79,18.11,5209.1,0.22%,36.16%,63.62%,46
2026-06-01 19:15:08,Linux 6.6.87.2-microsoft-standard-WSL2,NVIDIA GeForce RTX 4060,Fourier25_PEDS_m3,"23,066",28,1.98,6.6%,93.4%,16,1,15.58,1.92,0.84,12.82,5.39%,12.32%,82.29%,8188.0,3042.54,18.11,5127.35,0.22%,37.16%,62.62%,46
2026-06-01 19:15:10,Linux 6.6.87.2-microsoft-standard-WSL2,NVIDIA GeForce RTX 4060,Fourier25_PEDS_m3,"23,066",29,2.12,7.0%,93.0%,16,1,15.58,1.92,0.84,12.82,5.39%,12.32%,82.29%,8188.0,3014.48,18.11,5155.41,0.22%,36.82%,62.96%,46
2026-06-01 19:15:12,Linux 6.6.87.2-microsoft-standard-WSL2,NVIDIA GeForce RTX 4060,Fourier25_PEDS_m3,"23,066",30,1.98,6.4%,93.6%,16,1,15.58,1.92,0.84,12.82,5.39%,12.32%,82.29%,8188.0,2942.01,18.11,5227.88,0.22%,35.93%,63.85%,46
2026-06-01 19:15:14,Linux 6.6.87.2-microsoft-standard-WSL2,NVIDIA GeForce RTX 4060,Fourier25_PEDS_m3,"23,066",31,1.98,6.4%,93.6%,16,2,15.58,1.92,0.84,12.82,5.39%,12.32%,82.29%,8188.0,2934.79,18.11,5235.1,0.22%,35.84%,63.94%,46
2026-06-01 19:15:18,Linux 6.6.87.2-microsoft-standard-WSL2,NVIDIA GeForce RTX 4060,Fourier25_PEDS_m3,"23,066",32,1.94,6.6%,93.4%,16,1,15.58,1.92,0.84,12.82,5.39%,12.32%,82.29%,8188.0,2905.22,18.12,5264.66,0.22%,35.48%,64.3%,46
2026-06-01 19:15:20,Linux 6.6.87.2-microsoft-standard-WSL2,NVIDIA GeForce RTX 4060,Fourier25_PEDS_m3,"23,066",33,2.15,7.7%,92.3%,16,1,15.58,1.92,0.84,12.82,5.39%,12.32%,82.29%,8188.0,2938.72,18.12,5231.16,0.22%,35.89%,63.89%,46
2026-06-01 19:15:22,Linux 6.6.87.2-microsoft-standard-WSL2,NVIDIA GeForce RTX 4060,Fourier25_PEDS_m3,"23,066",34,1.96,6.6%,93.4%,16,1,15.58,1.91,0.84,12.83,5.39%,12.26%,82.35%,8188.0,2926.34,18.12,5243.54,0.22%,35.74%,64.04%,46
2026-06-01 19:15:24,Linux 6.6.87.2-microsoft-standard-WSL2,NVIDIA GeForce RTX 4060,Fourier25_PEDS_m3,"23,066",35,1.99,6.5%,93.5%,16,1,15.58,1.91,0.84,12.83,5.39%,12.26%,82.35%,8188.0,2962.45,18.12,5207.43,0.22%,36.18%,63.6%,46
2026-06-01 19:15:26,Linux 6.6.87.2-microsoft-standard-WSL2,NVIDIA GeForce RTX 4060,Fourier25_PEDS_m3,"23,066",36,1.98,6.5%,93.5%,16,1,15.58,1.92,0.84,12.82,5.39%,12.32%,82.29%,8188.0,2942.14,18.12,5227.74,0.22%,35.93%,63.85%,46
2026-06-01 19:15:30,Linux 6.6.87.2-microsoft-standard-WSL2,NVIDIA GeForce RTX 4060,Fourier25_PEDS_m3,"23,066",37,1.98,7.3%,92.7%,16,1,15.58,1.92,0.84,12.82,5.39%,12.32%,82.29%,8188.0,2911.77,18.12,5258.11,0.22%,35.56%,64.22%,45
2026-06-01 19:15:32,Linux 6.6.87.2-microsoft-standard-WSL2,NVIDIA GeForce RTX 4060,Fourier25_PEDS_m3,"23,066",38,1.97,6.8%,93.2%,16,1,15.58,1.92,0.84,12.82,5.39%,12.32%,82.29%,8188.0,2909.95,18.12,5259.93,0.22%,35.54%,64.24%,45
2026-06-01 19:15:33,Linux 6.6.87.2-microsoft-standard-WSL2,NVIDIA GeForce RTX 4060,Fourier25_PEDS_m3,"23,066",39,1.94,6.7%,93.3%,16,1,15.58,1.92,0.84,12.82,5.39%,12.32%,82.29%,8188.0,2909.95,18.12,5259.93,0.22%,35.54%,64.24%,45
2026-06-01 19:15:35,Linux 6.6.87.2-microsoft-standard-WSL2,NVIDIA GeForce RTX 4060,Fourier25_PEDS_m3,"23,066",40,1.93,6.6%,93.4%,16,1,15.58,1.92,0.84,12.82,5.39%,12.32%,82.29%,8188.0,2909.95,18.12,5259.93,0.22%,35.54%,64.24%,45
2026-06-01 19:15:37,Linux 6.6.87.2-microsoft-standard-WSL2,NVIDIA GeForce RTX 4060,Fourier25_PEDS_m3,"23,066",41,1.94,6.4%,93.6%,16,1,15.58,1.91,0.84,12.83,5.39%,12.26%,82.35%,8188.0,2909.95,18.12,5259.93,0.22%,35.54%,64.24%,45
2026-06-01 19:15:41,Linux 6.6.87.2-microsoft-standard-WSL2,NVIDIA GeForce RTX 4060,Fourier25_PEDS_m3,"23,066",42,1.99,6.5%,93.5%,16,1,15.58,1.92,0.84,12.82,5.39%,12.32%,82.29%,8188.0,2928.76,18.13,5241.11,0.22%,35.77%,64.01%,45
2026-06-01 19:15:43,Linux 6.6.87.2-microsoft-standard-WSL2,NVIDIA GeForce RTX 4060,Fourier25_PEDS_m3,"23,066",43,1.92,6.5%,93.5%,16,1,15.58,1.92,0.84,12.82,5.39%,12.32%,82.29%,8188.0,2926.69,18.13,5243.18,0.22%,35.74%,64.04%,45
2026-06-01 19:15:45,Linux 6.6.87.2-microsoft-standard-WSL2,NVIDIA GeForce RTX 4060,Fourier25_PEDS_m3,"23,066",44,1.94,6.6%,93.4%,16,1,15.58,1.92,0.84,12.82,5.39%,12.32%,82.29%,8188.0,2926.69,18.13,5243.18,0.22%,35.74%,64.04%,45
2026-06-01 19:15:47,Linux 6.6.87.2-microsoft-standard-WSL2,NVIDIA GeForce RTX 4060,Fourier25_PEDS_m3,"23,066",45,1.92,6.6%,93.4%,16,1,15.58,1.92,0.84,12.82,5.39%,12.32%,82.29%,8188.0,2926.69,18.13,5243.18,0.22%,35.74%,64.04%,45
2026-06-01 19:15:49,Linux 6.6.87.2-microsoft-standard-WSL2,NVIDIA GeForce RTX 4060,Fourier25_PEDS_m3,"23,066",46,1.95,6.9%,93.1%,16,1,15.58,1.91,0.84,12.83,5.39%,12.26%,82.35%,8188.0,2916.76,18.13,5253.11,0.22%,35.62%,64.16%,45
2026-06-01 19:15:53,Linux 6.6.87.2-microsoft-standard-WSL2,NVIDIA GeForce RTX 4060,Fourier25_PEDS_m3,"23,066",47,1.94,6.4%,93.6%,16,1,15.58,1.92,0.84,12.82,5.39%,12.32%,82.29%,8188.0,2926.69,18.13,5243.18,0.22%,35.74%,64.04%,45
2026-06-01 19:15:54,Linux 6.6.87.2-microsoft-standard-WSL2,NVIDIA GeForce RTX 4060,Fourier25_PEDS_m3,"23,066",48,1.94,6.6%,93.4%,16,1,15.58,1.92,0.84,12.82,5.39%,12.32%,82.29%,8188.0,2926.69,18.13,5243.18,0.22%,35.74%,64.04%,45
2026-06-01 19:15:56,Linux 6.6.87.2-microsoft-standard-WSL2,NVIDIA GeForce RTX 4060,Fourier25_PEDS_m3,"23,066",49,1.93,6.4%,93.6%,16,1,15.58,1.92,0.84,12.82,5.39%,12.32%,82.29%,8188.0,2926.69,18.13,5243.18,0.22%,35.74%,64.04%,45
2026-06-01 19:15:58,Linux 6.6.87.2-microsoft-standard-WSL2,NVIDIA GeForce RTX 4060,Fourier25_PEDS_m3,"23,066",50,2.0,6.9%,93.1%,16,1,15.58,1.92,0.84,12.82,5.39%,12.32%,82.29%,8188.0,3026.02,18.13,5143.85,0.22%,36.96%,62.82%,45
2026-06-01 19:16:00,Linux 6.6.87.2-microsoft-standard-WSL2,NVIDIA GeForce RTX 4060,Fourier25_PEDS_m3,"23,066",51,1.98,6.6%,93.4%,16,1,15.58,1.92,0.84,12.82,5.39%,12.32%,82.29%,8188.0,3017.27,18.13,5152.6,0.22%,36.85%,62.93%,45
2026-06-01 19:16:04,Linux 6.6.87.2-microsoft-standard-WSL2,NVIDIA GeForce RTX 4060,Fourier25_PEDS_m3,"23,066",52,1.93,6.4%,93.6%,16,1,15.58,1.91,0.84,12.83,5.39%,12.26%,82.35%,8188.0,2998.21,18.13,5171.66,0.22%,36.62%,63.16%,46
2026-06-01 19:16:06,Linux 6.6.87.2-microsoft-standard-WSL2,NVIDIA GeForce RTX 4060,Fourier25_PEDS_m3,"23,066",53,1.9,6.5%,93.5%,16,1,15.58,1.92,0.84,12.82,5.39%,12.32%,82.29%,8188.0,2955.96,18.13,5213.91,0.22%,36.1%,63.68%,46
2026-06-01 19:16:08,Linux 6.6.87.2-microsoft-standard-WSL2,NVIDIA GeForce RTX 4060,Fourier25_PEDS_m3,"23,066",54,1.92,6.5%,93.5%,16,1,15.58,1.92,0.84,12.82,5.39%,12.32%,82.29%,8188.0,2940.46,18.13,5229.41,0.22%,35.91%,63.87%,46
2026-06-01 19:16:10,Linux 6.6.87.2-microsoft-standard-WSL2,NVIDIA GeForce RTX 4060,Fourier25_PEDS_m3,"23,066",55,1.96,7.2%,92.8%,16,1,15.58,1.92,0.84,12.82,5.39%,12.32%,82.29%,8188.0,2929.27,18.13,5240.6,0.22%,35.78%,64.0%,46
2026-06-01 19:16:12,Linux 6.6.87.2-microsoft-standard-WSL2,NVIDIA GeForce RTX 4060,Fourier25_PEDS_m3,"23,066",56,2.06,6.5%,93.5%,16,1,15.58,1.91,0.84,12.83,5.39%,12.26%,82.35%,8188.0,2917.96,18.13,5251.91,0.22%,35.64%,64.14%,45
2026-06-01 19:16:16,Linux 6.6.87.2-microsoft-standard-WSL2,NVIDIA GeForce RTX 4060,Fourier25_PEDS_m3,"23,066",57,2.03,6.5%,93.5%,16,1,15.58,1.92,0.84,12.82,5.39%,12.32%,82.29%,8188.0,2947.32,18.14,5222.54,0.22%,36.0%,63.78%,45
2026-06-01 19:16:18,Linux 6.6.87.2-microsoft-standard-WSL2,NVIDIA GeForce RTX 4060,Fourier25_PEDS_m3,"23,066",58,1.98,6.5%,93.5%,16,1,15.58,1.92,0.84,12.82,5.39%,12.32%,82.29%,8188.0,2936.14,18.14,5233.72,0.22%,35.86%,63.92%,45
2026-06-01 19:16:20,Linux 6.6.87.2-microsoft-standard-WSL2,NVIDIA GeForce RTX 4060,Fourier25_PEDS_m3,"23,066",59,2.04,8.0%,92.0%,16,2,15.58,1.9,0.84,12.84,5.39%,12.2%,82.41%,8188.0,2920.57,18.14,5249.29,0.22%,35.67%,64.11%,45
2026-06-01 19:16:22,Linux 6.6.87.2-microsoft-standard-WSL2,NVIDIA GeForce RTX 4060,Fourier25_PEDS_m3,"23,066",60,1.95,6.5%,93.5%,16,1,15.58,1.9,0.84,12.84,5.39%,12.2%,82.41%,8188.0,2917.16,18.14,5252.7,0.22%,35.63%,64.15%,45
2026-06-01 19:16:24,Linux 6.6.87.2-microsoft-standard-WSL2,NVIDIA GeForce RTX 4060,Fourier25_PEDS_m3,"23,066",61,1.96,6.6%,93.4%,16,1,15.58,1.9,0.84,12.84,5.39%,12.2%,82.41%,8188.0,2926.35,18.14,5243.51,0.22%,35.74%,64.04%,45
2026-06-01 19:16:28,Linux 6.6.87.2-microsoft-standard-WSL2,NVIDIA GeForce RTX 4060,Fourier25_PEDS_m3,"23,066",62,2.0,6.5%,93.5%,16,1,15.58,1.9,0.84,12.84,5.39%,12.2%,82.41%,8188.0,3036.86,18.14,5133.0,0.22%,37.09%,62.69%,46
2026-06-01 19:16:30,Linux 6.6.87.2-microsoft-standard-WSL2,NVIDIA GeForce RTX 4060,Fourier25_PEDS_m3,"23,066",63,2.16,7.1%,92.9%,16,2,15.58,1.9,0.84,12.84,5.39%,12.2%,82.41%,8188.0,3046.92,18.14,5122.94,0.22%,37.21%,62.57%,47
2026-06-01 19:16:32,Linux 6.6.87.2-microsoft-standard-WSL2,NVIDIA GeForce RTX 4060,Fourier25_PEDS_m3,"23,066",64,1.99,6.6%,93.4%,16,1,15.58,1.9,0.84,12.84,5.39%,12.2%,82.41%,8188.0,2965.26,18.14,5204.6,0.22%,36.21%,63.57%,46
2026-06-01 19:16:34,Linux 6.6.87.2-microsoft-standard-WSL2,NVIDIA GeForce RTX 4060,Fourier25_PEDS_m3,"23,066",65,2.02,6.5%,93.5%,16,1,15.58,1.9,0.84,12.84,5.39%,12.2%,82.41%,8188.0,2968.48,18.14,5201.38,0.22%,36.25%,63.53%,46
2026-06-01 19:16:36,Linux 6.6.87.2-microsoft-standard-WSL2,NVIDIA GeForce RTX 4060,Fourier25_PEDS_m3,"23,066",66,2.03,6.5%,93.5%,16,1,15.58,1.9,0.84,12.84,5.39%,12.2%,82.41%,8188.0,2965.98,18.14,5203.88,0.22%,36.22%,63.56%,46
2026-06-01 19:16:40,Linux 6.6.87.2-microsoft-standard-WSL2,NVIDIA GeForce RTX 4060,Fourier25_PEDS_m3,"23,066",67,2.07,7.3%,92.7%,16,2,15.58,1.9,0.84,12.84,5.39%,12.2%,82.41%,8188.0,2968.06,18.15,5201.79,0.22%,36.25%,63.53%,46
2026-06-01 19:16:42,Linux 6.6.87.2-microsoft-standard-WSL2,NVIDIA GeForce RTX 4060,Fourier25_PEDS_m3,"23,066",68,1.99,6.6%,93.4%,16,1,15.58,1.9,0.84,12.84,5.39%,12.2%,82.41%,8188.0,2947.81,18.15,5222.04,0.22%,36.0%,63.78%,46
2026-06-01 19:16:44,Linux 6.6.87.2-microsoft-standard-WSL2,NVIDIA GeForce RTX 4060,Fourier25_PEDS_m3,"23,066",69,1.91,6.4%,93.6%,16,1,15.58,1.9,0.84,12.84,5.39%,12.2%,82.41%,8188.0,2940.0,18.15,5229.85,0.22%,35.91%,63.87%,46
2026-06-01 19:16:46,Linux 6.6.87.2-microsoft-standard-WSL2,NVIDIA GeForce RTX 4060,Fourier25_PEDS_m3,"23,066",70,2.06,6.6%,93.4%,16,1,15.58,1.91,0.84,12.83,5.39%,12.26%,82.35%,8188.0,2994.41,18.15,5175.44,0.22%,36.57%,63.21%,46
2026-06-01 19:16:48,Linux 6.6.87.2-microsoft-standard-WSL2,NVIDIA GeForce RTX 4060,Fourier25_PEDS_m3,"23,066",71,2.03,6.5%,93.5%,16,1,15.58,1.91,0.84,12.83,5.39%,12.26%,82.35%,8188.0,2960.81,18.15,5209.04,0.22%,36.16%,63.62%,46
2026-06-01 19:16:51,Linux 6.6.87.2-microsoft-standard-WSL2,NVIDIA GeForce RTX 4060,Fourier25_PEDS_m3,"23,066",72,1.96,6.5%,93.5%,16,1,15.58,1.9,0.84,12.84,5.39%,12.2%,82.41%,8188.0,2932.97,18.15,5236.88,0.22%,35.82%,63.96%,46
2026-06-01 19:16:53,Linux 6.6.87.2-microsoft-standard-WSL2,NVIDIA GeForce RTX 4060,Fourier25_PEDS_m3,"23,066",73,1.94,6.4%,93.6%,16,1,15.58,1.9,0.84,12.84,5.39%,12.2%,82.41%,8188.0,2905.4,18.15,5264.45,0.22%,35.48%,64.3%,46
2026-06-01 19:16:55,Linux 6.6.87.2-microsoft-standard-WSL2,NVIDIA GeForce RTX 4060,Fourier25_PEDS_m3,"23,066",74,1.95,6.6%,93.4%,16,1,15.58,1.9,0.84,12.84,5.39%,12.2%,82.41%,8188.0,2904.53,18.15,5265.32,0.22%,35.47%,64.31%,46
2026-06-01 19:16:57,Linux 6.6.87.2-microsoft-standard-WSL2,NVIDIA GeForce RTX 4060,Fourier25_PEDS_m3,"23,066",75,1.94,6.4%,93.6%,16,1,15.58,1.9,0.84,12.84,5.39%,12.2%,82.41%,8188.0,2883.22,18.15,5286.63,0.22%,35.21%,64.57%,46
2026-06-01 19:16:59,Linux 6.6.87.2-microsoft-standard-WSL2,NVIDIA GeForce RTX 4060,Fourier25_PEDS_m3,"23,066",76,1.98,7.1%,92.9%,16,1,15.58,1.91,0.84,12.83,5.39%,12.26%,82.35%,8188.0,2883.22,18.15,5286.63,0.22%,35.21%,64.57%,46
2026-06-01 19:17:03,Linux 6.6.87.2-microsoft-standard-WSL2,NVIDIA GeForce RTX 4060,Fourier25_PEDS_m3,"23,066",77,1.95,6.5%,93.5%,16,1,15.58,1.91,0.84,12.83,5.39%,12.26%,82.35%,8188.0,2889.09,18.15,5280.76,0.22%,35.28%,64.5%,46
2026-06-01 19:17:05,Linux 6.6.87.2-microsoft-standard-WSL2,NVIDIA GeForce RTX 4060,Fourier25_PEDS_m3,"23,066",78,1.91,6.5%,93.5%,16,1,15.58,1.91,0.84,12.83,5.39%,12.26%,82.35%,8188.0,2906.97,18.15,5262.88,0.22%,35.5%,64.28%,46
2026-06-01 19:17:07,Linux 6.6.87.2-microsoft-standard-WSL2,NVIDIA GeForce RTX 4060,Fourier25_PEDS_m3,"23,066",79,1.94,6.6%,93.4%,16,1,15.58,1.9,0.84,12.84,5.39%,12.2%,82.41%,8188.0,2905.84,18.15,5264.01,0.22%,35.49%,64.29%,46
2026-06-01 19:17:09,Linux 6.6.87.2-microsoft-standard-WSL2,NVIDIA GeForce RTX 4060,Fourier25_PEDS_m3,"23,066",80,1.96,7.1%,92.9%,16,2,15.58,1.9,0.84,12.84,5.39%,12.2%,82.41%,8188.0,2892.4,18.15,5277.45,0.22%,35.32%,64.46%,46
2026-06-01 19:17:11,Linux 6.6.87.2-microsoft-standard-WSL2,NVIDIA GeForce RTX 4060,Fourier25_PEDS_m3,"23,066",81,1.92,6.5%,93.5%,16,1,15.58,1.9,0.84,12.84,5.39%,12.2%,82.41%,8188.0,2874.72,18.15,5295.13,0.22%,35.11%,64.67%,46
2026-06-01 19:17:14,Linux 6.6.87.2-microsoft-standard-WSL2,NVIDIA GeForce RTX 4060,Fourier25_PEDS_m3,"23,066",82,2.0,6.5%,93.5%,16,1,15.58,1.9,0.84,12.84,5.39%,12.2%,82.41%,8188.0,2874.71,18.16,5295.13,0.22%,35.11%,64.67%,46
2026-06-01 19:17:16,Linux 6.6.87.2-microsoft-standard-WSL2,NVIDIA GeForce RTX 4060,Fourier25_PEDS_m3,"23,066",83,1.95,6.4%,93.6%,16,1,15.58,1.9,0.84,12.84,5.39%,12.2%,82.41%,8188.0,2874.71,18.16,5295.13,0.22%,35.11%,64.67%,46
2026-06-01 19:17:18,Linux 6.6.87.2-microsoft-standard-WSL2,NVIDIA GeForce RTX 4060,Fourier25_PEDS_m3,"23,066",84,1.98,6.8%,93.2%,16,1,15.58,1.91,0.84,12.83,5.39%,12.26%,82.35%,8188.0,2874.71,18.16,5295.13,0.22%,35.11%,64.67%,46
2026-06-01 19:17:20,Linux 6.6.87.2-microsoft-standard-WSL2,NVIDIA GeForce RTX 4060,Fourier25_PEDS_m3,"23,066",85,1.99,7.0%,93.0%,16,1,15.58,1.9,0.84,12.84,5.39%,12.2%,82.41%,8188.0,2881.33,18.16,5288.51,0.22%,35.19%,64.59%,46
2026-06-01 19:17:22,Linux 6.6.87.2-microsoft-standard-WSL2,NVIDIA GeForce RTX 4060,Fourier25_PEDS_m3,"23,066",86,1.96,6.4%,93.6%,16,1,15.58,1.91,0.84,12.83,5.39%,12.26%,82.35%,8188.0,2880.14,18.16,5289.7,0.22%,35.18%,64.6%,45
2026-06-01 19:17:26,Linux 6.6.87.2-microsoft-standard-WSL2,NVIDIA GeForce RTX 4060,Fourier25_PEDS_m3,"23,066",87,1.93,6.5%,93.5%,16,1,15.58,1.91,0.84,12.83,5.39%,12.26%,82.35%,8188.0,2895.71,18.16,5274.13,0.22%,35.37%,64.41%,45
2026-06-01 19:17:28,Linux 6.6.87.2-microsoft-standard-WSL2,NVIDIA GeForce RTX 4060,Fourier25_PEDS_m3,"23,066",88,1.92,6.5%,93.5%,16,1,15.58,1.91,0.84,12.83,5.39%,12.26%,82.35%,8188.0,2890.89,18.16,5278.95,0.22%,35.31%,64.47%,45
2026-06-01 19:17:30,Linux 6.6.87.2-microsoft-standard-WSL2,NVIDIA GeForce RTX 4060,Fourier25_PEDS_m3,"23,066",89,1.96,7.0%,93.0%,16,1,15.58,1.91,0.84,12.83,5.39%,12.26%,82.35%,8188.0,2901.52,18.16,5268.32,0.22%,35.44%,64.34%,46
2026-06-01 19:17:32,Linux 6.6.87.2-microsoft-standard-WSL2,NVIDIA GeForce RTX 4060,Fourier25_PEDS_m3,"23,066",90,1.95,6.5%,93.5%,16,1,15.58,1.91,0.84,12.83,5.39%,12.26%,82.35%,8188.0,2895.52,18.16,5274.32,0.22%,35.36%,64.42%,45
2026-06-01 19:17:34,Linux 6.6.87.2-microsoft-standard-WSL2,NVIDIA GeForce RTX 4060,Fourier25_PEDS_m3,"23,066",91,1.93,6.4%,93.6%,16,1,15.58,1.91,0.84,12.83,5.39%,12.26%,82.35%,8188.0,2894.52,18.16,5275.32,0.22%,35.35%,64.43%,45
2026-06-01 19:17:38,Linux 6.6.87.2-microsoft-standard-WSL2,NVIDIA GeForce RTX 4060,Fourier25_PEDS_m3,"23,066",92,1.97,6.4%,93.6%,16,1,15.58,1.91,0.84,12.83,5.39%,12.26%,82.35%,8188.0,2895.88,18.17,5273.95,0.22%,35.37%,64.41%,45
2026-06-01 19:17:40,Linux 6.6.87.2-microsoft-standard-WSL2,NVIDIA GeForce RTX 4060,Fourier25_PEDS_m3,"23,066",93,1.98,7.3%,92.7%,16,2,15.58,1.91,0.84,12.83,5.39%,12.26%,82.35%,8188.0,2894.38,18.17,5275.45,0.22%,35.35%,64.43%,45
2026-06-01 19:17:41,Linux 6.6.87.2-microsoft-standard-WSL2,NVIDIA GeForce RTX 4060,Fourier25_PEDS_m3,"23,066",94,1.96,6.6%,93.4%,16,1,15.58,1.9,0.84,12.84,5.39%,12.2%,82.41%,8188.0,2891.57,18.17,5278.26,0.22%,35.31%,64.47%,45
2026-06-01 19:17:43,Linux 6.6.87.2-microsoft-standard-WSL2,NVIDIA GeForce RTX 4060,Fourier25_PEDS_m3,"23,066",95,1.93,6.6%,93.4%,16,1,15.58,1.91,0.84,12.83,5.39%,12.26%,82.35%,8188.0,2887.57,18.17,5282.26,0.22%,35.27%,64.51%,45
2026-06-01 19:17:45,Linux 6.6.87.2-microsoft-standard-WSL2,NVIDIA GeForce RTX 4060,Fourier25_PEDS_m3,"23,066",96,1.93,6.5%,93.5%,16,1,15.58,1.91,0.84,12.83,5.39%,12.26%,82.35%,8188.0,2887.2,18.17,5282.63,0.22%,35.26%,64.52%,45
2026-06-01 19:17:49,Linux 6.6.87.2-microsoft-standard-WSL2,NVIDIA GeForce RTX 4060,Fourier25_PEDS_m3,"23,066",97,1.95,6.9%,93.1%,16,1,15.58,1.9,0.84,12.84,5.39%,12.2%,82.41%,8188.0,2881.29,18.17,5288.54,0.22%,35.19%,64.59%,45
2026-06-01 19:17:51,Linux 6.6.87.2-microsoft-standard-WSL2,NVIDIA GeForce RTX 4060,Fourier25_PEDS_m3,"23,066",98,1.94,6.6%,93.4%,16,1,15.58,1.91,0.84,12.83,5.39%,12.26%,82.35%,8188.0,2858.79,18.17,5311.04,0.22%,34.91%,64.87%,45
2026-06-01 19:17:53,Linux 6.6.87.2-microsoft-standard-WSL2,NVIDIA GeForce RTX 4060,Fourier25_PEDS_m3,"23,066",99,1.93,6.4%,93.6%,16,1,15.58,1.91,0.84,12.83,5.39%,12.26%,82.35%,8188.0,2858.79,18.17,5311.04,0.22%,34.91%,64.87%,45
2026-06-01 19:17:55,Linux 6.6.87.2-microsoft-standard-WSL2,NVIDIA GeForce RTX 4060,Fourier25_PEDS_m3,"23,066",100,1.92,6.4%,93.6%,16,1,15.58,1.91,0.84,12.83,5.39%,12.26%,82.35%,8188.0,2868.73,18.17,5301.1,0.22%,35.04%,64.74%,45
2026-06-01 19:17:57,Linux 6.6.87.2-microsoft-standard-WSL2,NVIDIA GeForce RTX 4060,Fourier25_PEDS_m3,"23,066",101,1.93,6.3%,93.7%,16,1,15.58,1.91,0.84,12.83,5.39%,12.26%,82.35%,8188.0,2868.73,18.17,5301.1,0.22%,35.04%,64.74%,45
2026-06-01 19:18:01,Linux 6.6.87.2-microsoft-standard-WSL2,NVIDIA GeForce RTX 4060,Fourier25_PEDS_m3,"23,066",102,1.96,6.5%,93.5%,16,1,15.58,1.91,0.84,12.83,5.39%,12.26%,82.35%,8188.0,2876.1,18.17,5293.73,0.22%,35.13%,64.65%,45
2026-06-01 19:18:03,Linux 6.6.87.2-microsoft-standard-WSL2,NVIDIA GeForce RTX 4060,Fourier25_PEDS_m3,"23,066",103,2.0,6.7%,93.3%,16,1,15.58,1.91,0.84,12.83,5.39%,12.26%,82.35%,8188.0,2905.51,18.17,5264.32,0.22%,35.48%,64.3%,45
2026-06-01 19:18:05,Linux 6.6.87.2-microsoft-standard-WSL2,NVIDIA GeForce RTX 4060,Fourier25_PEDS_m3,"23,066",104,2.01,6.6%,93.4%,16,1,15.58,1.91,0.84,12.83,5.39%,12.26%,82.35%,8188.0,2911.73,18.17,5258.1,0.22%,35.56%,64.22%,45
2026-06-01 19:18:07,Linux 6.6.87.2-microsoft-standard-WSL2,NVIDIA GeForce RTX 4060,Fourier25_PEDS_m3,"23,066",105,2.06,6.4%,93.6%,16,1,15.58,1.91,0.84,12.83,5.39%,12.26%,82.35%,8188.0,2921.7,18.17,5248.13,0.22%,35.68%,64.1%,45
2026-06-01 19:18:09,Linux 6.6.87.2-microsoft-standard-WSL2,NVIDIA GeForce RTX 4060,Fourier25_PEDS_m3,"23,066",106,2.04,6.7%,93.3%,16,1,15.58,1.91,0.84,12.83,5.39%,12.26%,82.35%,8188.0,2920.76,18.17,5249.07,0.22%,35.67%,64.11%,45
2026-06-01 19:18:12,Linux 6.6.87.2-microsoft-standard-WSL2,NVIDIA GeForce RTX 4060,Fourier25_PEDS_m3,"23,066",107,1.95,6.4%,93.6%,16,1,15.58,1.9,0.84,12.84,5.39%,12.2%,82.41%,8188.0,2886.32,18.18,5283.5,0.22%,35.25%,64.53%,45
2026-06-01 19:18:14,Linux 6.6.87.2-microsoft-standard-WSL2,NVIDIA GeForce RTX 4060,Fourier25_PEDS_m3,"23,066",108,1.97,6.4%,93.6%,16,1,15.58,1.9,0.84,12.84,5.39%,12.2%,82.41%,8188.0,2885.5,18.18,5284.32,0.22%,35.24%,64.54%,45
2026-06-01 19:18:16,Linux 6.6.87.2-microsoft-standard-WSL2,NVIDIA GeForce RTX 4060,Fourier25_PEDS_m3,"23,066",109,2.08,6.5%,93.5%,16,1,15.58,1.9,0.84,12.84,5.39%,12.2%,82.41%,8188.0,2935.97,18.18,5233.85,0.22%,35.86%,63.92%,46
2026-06-01 19:18:18,Linux 6.6.87.2-microsoft-standard-WSL2,NVIDIA GeForce RTX 4060,Fourier25_PEDS_m3,"23,066",110,2.03,7.0%,93.0%,16,1,15.58,1.91,0.84,12.83,5.39%,12.26%,82.35%,8188.0,2904.32,18.18,5265.5,0.22%,35.47%,64.31%,46
2026-06-01 19:18:20,Linux 6.6.87.2-microsoft-standard-WSL2,NVIDIA GeForce RTX 4060,Fourier25_PEDS_m3,"23,066",111,2.07,7.4%,92.6%,16,1,15.58,1.9,0.84,12.84,5.39%,12.2%,82.41%,8188.0,2895.0,18.18,5274.82,0.22%,35.36%,64.42%,46
2026-06-01 19:18:24,Linux 6.6.87.2-microsoft-standard-WSL2,NVIDIA GeForce RTX 4060,Fourier25_PEDS_m3,"23,066",112,1.94,6.4%,93.6%,16,1,15.58,1.9,0.84,12.84,5.39%,12.2%,82.41%,8188.0,2868.37,18.18,5301.45,0.22%,35.03%,64.75%,46
2026-06-01 19:18:26,Linux 6.6.87.2-microsoft-standard-WSL2,NVIDIA GeForce RTX 4060,Fourier25_PEDS_m3,"23,066",113,2.0,6.4%,93.6%,16,1,15.58,1.9,0.84,12.84,5.39%,12.2%,82.41%,8188.0,2873.62,18.18,5296.2,0.22%,35.1%,64.68%,46
2026-06-01 19:18:28,Linux 6.6.87.2-microsoft-standard-WSL2,NVIDIA GeForce RTX 4060,Fourier25_PEDS_m3,"23,066",114,1.94,7.0%,93.0%,16,1,15.58,1.9,0.84,12.84,5.39%,12.2%,82.41%,8188.0,2883.56,18.18,5286.26,0.22%,35.22%,64.56%,46
2026-06-01 19:18:30,Linux 6.6.87.2-microsoft-standard-WSL2,NVIDIA GeForce RTX 4060,Fourier25_PEDS_m3,"23,066",115,1.94,6.5%,93.5%,16,1,15.58,1.9,0.84,12.84,5.39%,12.2%,82.41%,8188.0,2883.56,18.18,5286.26,0.22%,35.22%,64.56%,46
2026-06-01 19:18:32,Linux 6.6.87.2-microsoft-standard-WSL2,NVIDIA GeForce RTX 4060,Fourier25_PEDS_m3,"23,066",116,1.96,6.5%,93.5%,16,1,15.58,1.9,0.84,12.84,5.39%,12.2%,82.41%,8188.0,2883.69,18.18,5286.13,0.22%,35.22%,64.56%,46
2026-06-01 19:18:36,Linux 6.6.87.2-microsoft-standard-WSL2,NVIDIA GeForce RTX 4060,Fourier25_PEDS_m3,"23,066",117,1.94,6.5%,93.5%,16,2,15.58,1.9,0.84,12.84,5.39%,12.2%,82.41%,8188.0,2896.87,18.18,5272.95,0.22%,35.38%,64.4%,47
2026-06-01 19:18:38,Linux 6.6.87.2-microsoft-standard-WSL2,NVIDIA GeForce RTX 4060,Fourier25_PEDS_m3,"23,066",118,1.94,6.4%,93.6%,16,1,15.58,1.9,0.84,12.84,5.39%,12.2%,82.41%,8188.0,2897.0,18.18,5272.82,0.22%,35.38%,64.4%,47
2026-06-01 19:18:40,Linux 6.6.87.2-microsoft-standard-WSL2,NVIDIA GeForce RTX 4060,Fourier25_PEDS_m3,"23,066",119,1.95,7.0%,93.0%,16,1,15.58,1.9,0.84,12.84,5.39%,12.2%,82.41%,8188.0,2895.56,18.18,5274.26,0.22%,35.36%,64.42%,46
2026-06-01 19:18:42,Linux 6.6.87.2-microsoft-standard-WSL2,NVIDIA GeForce RTX 4060,Fourier25_PEDS_m3,"23,066",120,1.97,6.6%,93.4%,16,1,15.58,1.9,0.84,12.84,5.39%,12.2%,82.41%,8188.0,2879.56,18.18,5290.26,0.22%,35.17%,64.61%,46
2026-06-01 19:18:44,Linux 6.6.87.2-microsoft-standard-WSL2,NVIDIA GeForce RTX 4060,Fourier25_PEDS_m3,"23,066",121,1.96,6.6%,93.4%,16,1,15.58,1.9,0.84,12.84,5.39%,12.2%,82.41%,8188.0,2882.44,18.18,5287.38,0.22%,35.2%,64.58%,46
2026-06-01 19:18:47,Linux 6.6.87.2-microsoft-standard-WSL2,NVIDIA GeForce RTX 4060,Fourier25_PEDS_m3,"23,066",122,1.95,6.6%,93.4%,16,1,15.58,1.9,0.84,12.84,5.39%,12.2%,82.41%,8188.0,2890.86,18.19,5278.95,0.22%,35.31%,64.47%,46
2026-06-01 19:18:49,Linux 6.6.87.2-microsoft-standard-WSL2,NVIDIA GeForce RTX 4060,Fourier25_PEDS_m3,"23,066",123,1.95,7.1%,92.9%,16,1,15.58,1.9,0.84,12.84,5.39%,12.2%,82.41%,8188.0,2896.11,18.19,5273.7,0.22%,35.37%,64.41%,46
2026-06-01 19:18:51,Linux 6.6.87.2-microsoft-standard-WSL2,NVIDIA GeForce RTX 4060,Fourier25_PEDS_m3,"23,066",124,1.93,6.7%,93.3%,16,1,15.58,1.9,0.84,12.84,5.39%,12.2%,82.41%,8188.0,2881.43,18.19,5288.38,0.22%,35.19%,64.59%,46
2026-06-01 19:18:53,Linux 6.6.87.2-microsoft-standard-WSL2,NVIDIA GeForce RTX 4060,Fourier25_PEDS_m3,"23,066",125,1.95,6.4%,93.6%,16,1,15.58,1.9,0.84,12.84,5.39%,12.2%,82.41%,8188.0,2883.55,18.19,5286.26,0.22%,35.22%,64.56%,46
2026-06-01 19:18:55,Linux 6.6.87.2-microsoft-standard-WSL2,NVIDIA GeForce RTX 4060,Fourier25_PEDS_m3,"23,066",126,1.92,6.5%,93.5%,16,1,15.58,1.9,0.84,12.84,5.39%,12.2%,82.41%,8188.0,2893.49,18.19,5276.32,0.22%,35.34%,64.44%,46
2026-06-01 19:18:59,Linux 6.6.87.2-microsoft-standard-WSL2,NVIDIA GeForce RTX 4060,Fourier25_PEDS_m3,"23,066",127,1.97,7.0%,93.0%,16,1,15.58,1.89,0.84,12.85,5.39%,12.13%,82.48%,8188.0,2875.74,18.19,5294.07,0.22%,35.12%,64.66%,46
2026-06-01 19:19:01,Linux 6.6.87.2-microsoft-standard-WSL2,NVIDIA GeForce RTX 4060,Fourier25_PEDS_m3,"23,066",128,1.98,6.5%,93.5%,16,1,15.58,1.89,0.84,12.85,5.39%,12.13%,82.48%,8188.0,2896.36,18.19,5273.45,0.22%,35.37%,64.41%,46
2026-06-01 19:19:03,Linux 6.6.87.2-microsoft-standard-WSL2,NVIDIA GeForce RTX 4060,Fourier25_PEDS_m3,"23,066",129,1.95,6.5%,93.5%,16,2,15.58,1.89,0.84,12.85,5.39%,12.13%,82.48%,8188.0,2905.61,18.19,5264.2,0.22%,35.49%,64.29%,46
2026-06-01 19:19:05,Linux 6.6.87.2-microsoft-standard-WSL2,NVIDIA GeForce RTX 4060,Fourier25_PEDS_m3,"23,066",130,1.95,6.5%,93.5%,16,1,15.58,1.9,0.84,12.84,5.39%,12.2%,82.41%,8188.0,2908.49,18.19,5261.32,0.22%,35.52%,64.26%,46
2026-06-01 19:19:07,Linux 6.6.87.2-microsoft-standard-WSL2,NVIDIA GeForce RTX 4060,Fourier25_PEDS_m3,"23,066",131,1.93,6.4%,93.6%,16,1,15.58,1.9,0.84,12.84,5.39%,12.2%,82.41%,8188.0,2903.9,18.19,5265.91,0.22%,35.47%,64.31%,46
2026-06-01 19:19:10,Linux 6.6.87.2-microsoft-standard-WSL2,NVIDIA GeForce RTX 4060,Fourier25_PEDS_m3,"23,066",132,1.94,6.6%,93.4%,16,1,15.58,1.9,0.84,12.84,5.39%,12.2%,82.41%,8188.0,2887.07,18.2,5282.73,0.22%,35.26%,64.52%,46
2026-06-01 19:19:12,Linux 6.6.87.2-microsoft-standard-WSL2,NVIDIA GeForce RTX 4060,Fourier25_PEDS_m3,"23,066",133,1.95,6.5%,93.5%,16,1,15.58,1.9,0.84,12.84,5.39%,12.2%,82.41%,8188.0,2894.32,18.2,5275.48,0.22%,35.35%,64.43%,46
2026-06-01 19:19:14,Linux 6.6.87.2-microsoft-standard-WSL2,NVIDIA GeForce RTX 4060,Fourier25_PEDS_m3,"23,066",134,1.94,6.6%,93.4%,16,1,15.58,1.9,0.84,12.84,5.39%,12.2%,82.41%,8188.0,2894.7,18.2,5275.1,0.22%,35.35%,64.43%,47
2026-06-01 19:19:16,Linux 6.6.87.2-microsoft-standard-WSL2,NVIDIA GeForce RTX 4060,Fourier25_PEDS_m3,"23,066",135,1.95,6.5%,93.5%,16,1,15.58,1.9,0.84,12.84,5.39%,12.2%,82.41%,8188.0,2895.57,18.2,5274.23,0.22%,35.36%,64.42%,47
2026-06-01 19:19:18,Linux 6.6.87.2-microsoft-standard-WSL2,NVIDIA GeForce RTX 4060,Fourier25_PEDS_m3,"23,066",136,2.07,6.7%,93.3%,16,1,15.58,1.9,0.84,12.84,5.39%,12.2%,82.41%,8188.0,2891.32,18.2,5278.48,0.22%,35.31%,64.47%,46
2026-06-01 19:19:22,Linux 6.6.87.2-microsoft-standard-WSL2,NVIDIA GeForce RTX 4060,Fourier25_PEDS_m3,"23,066",137,1.95,6.4%,93.6%,16,1,15.58,1.9,0.84,12.84,5.39%,12.2%,82.41%,8188.0,2878.7,18.2,5291.1,0.22%,35.16%,64.62%,46
2026-06-01 19:19:24,Linux 6.6.87.2-microsoft-standard-WSL2,NVIDIA GeForce RTX 4060,Fourier25_PEDS_m3,"23,066",138,1.98,6.6%,93.4%,16,1,15.58,1.9,0.84,12.84,5.39%,12.2%,82.41%,8188.0,2875.95,18.2,5293.85,0.22%,35.12%,64.66%,46
2026-06-01 19:19:26,Linux 6.6.87.2-microsoft-standard-WSL2,NVIDIA GeForce RTX 4060,Fourier25_PEDS_m3,"23,066",139,1.97,6.6%,93.4%,16,1,15.58,1.9,0.84,12.84,5.39%,12.2%,82.41%,8188.0,2873.01,18.2,5296.79,0.22%,35.09%,64.69%,46
2026-06-01 19:19:28,Linux 6.6.87.2-microsoft-standard-WSL2,NVIDIA GeForce RTX 4060,Fourier25_PEDS_m3,"23,066",140,1.97,6.4%,93.6%,16,1,15.58,1.9,0.84,12.84,5.39%,12.2%,82.41%,8188.0,2878.82,18.2,5290.98,0.22%,35.16%,64.62%,47
2026-06-01 19:19:30,Linux 6.6.87.2-microsoft-standard-WSL2,NVIDIA GeForce RTX 4060,Fourier25_PEDS_m3,"23,066",141,2.0,7.0%,93.0%,16,1,15.58,1.9,0.84,12.84,5.39%,12.2%,82.41%,8188.0,2881.39,18.2,5288.41,0.22%,35.19%,64.59%,47
2026-06-01 19:19:34,Linux 6.6.87.2-microsoft-standard-WSL2,NVIDIA GeForce RTX 4060,Fourier25_PEDS_m3,"23,066",142,1.91,6.4%,93.6%,16,1,15.58,1.9,0.84,12.84,5.39%,12.2%,82.41%,8188.0,2881.39,18.2,5288.41,0.22%,35.19%,64.59%,47
2026-06-01 19:19:36,Linux 6.6.87.2-microsoft-standard-WSL2,NVIDIA GeForce RTX 4060,Fourier25_PEDS_m3,"23,066",143,1.92,6.5%,93.5%,16,1,15.58,1.91,0.84,12.83,5.39%,12.26%,82.35%,8188.0,2884.96,18.2,5284.84,0.22%,35.23%,64.55%,47
2026-06-01 19:19:38,Linux 6.6.87.2-microsoft-standard-WSL2,NVIDIA GeForce RTX 4060,Fourier25_PEDS_m3,"23,066",144,1.92,6.5%,93.5%,16,1,15.58,1.9,0.84,12.84,5.39%,12.2%,82.41%,8188.0,2884.71,18.2,5285.09,0.22%,35.23%,64.55%,46
2026-06-01 19:19:39,Linux 6.6.87.2-microsoft-standard-WSL2,NVIDIA GeForce RTX 4060,Fourier25_PEDS_m3,"23,066",145,1.97,7.1%,92.9%,16,1,15.58,1.9,0.84,12.84,5.39%,12.2%,82.41%,8188.0,2883.89,18.2,5285.91,0.22%,35.22%,64.56%,46
2026-06-01 19:19:41,Linux 6.6.87.2-microsoft-standard-WSL2,NVIDIA GeForce RTX 4060,Fourier25_PEDS_m3,"23,066",146,1.97,6.6%,93.4%,16,1,15.58,1.9,0.84,12.84,5.39%,12.2%,82.41%,8188.0,2884.48,18.2,5285.32,0.22%,35.23%,64.55%,46
2026-06-01 19:19:45,Linux 6.6.87.2-microsoft-standard-WSL2,NVIDIA GeForce RTX 4060,Fourier25_PEDS_m3,"23,066",147,1.97,6.4%,93.6%,16,1,15.58,1.91,0.84,12.83,5.39%,12.26%,82.35%,8188.0,2869.29,18.21,5300.5,0.22%,35.04%,64.74%,46
2026-06-01 19:19:47,Linux 6.6.87.2-microsoft-standard-WSL2,NVIDIA GeForce RTX 4060,Fourier25_PEDS_m3,"23,066",148,1.95,6.5%,93.5%,16,1,15.58,1.9,0.84,12.84,5.39%,12.2%,82.41%,8188.0,2865.41,18.21,5304.38,0.22%,35.0%,64.78%,46
2026-06-01 19:19:49,Linux 6.6.87.2-microsoft-standard-WSL2,NVIDIA GeForce RTX 4060,Fourier25_PEDS_m3,"23,066",149,2.08,7.2%,92.8%,16,1,15.58,1.91,0.84,12.83,5.39%,12.26%,82.35%,8188.0,2897.57,18.21,5272.22,0.22%,35.39%,64.39%,47
2026-06-01 19:19:51,Linux 6.6.87.2-microsoft-standard-WSL2,NVIDIA GeForce RTX 4060,Fourier25_PEDS_m3,"23,066",150,1.97,6.6%,93.4%,16,1,15.58,1.91,0.84,12.83,5.39%,12.26%,82.35%,8188.0,2881.0,18.21,5288.79,0.22%,35.19%,64.59%,47
2026-06-01 19:19:53,Linux 6.6.87.2-microsoft-standard-WSL2,NVIDIA GeForce RTX 4060,Fourier25_PEDS_m3,"23,066",151,1.91,6.4%,93.6%,16,1,15.58,1.91,0.84,12.83,5.39%,12.26%,82.35%,8188.0,2880.75,18.21,5289.04,0.22%,35.18%,64.6%,47
2026-06-01 19:19:57,Linux 6.6.87.2-microsoft-standard-WSL2,NVIDIA GeForce RTX 4060,Fourier25_PEDS_m3,"23,066",152,1.93,6.4%,93.6%,16,1,15.58,1.91,0.84,12.83,5.39%,12.26%,82.35%,8188.0,2878.13,18.21,5291.66,0.22%,35.15%,64.63%,47
2026-06-01 19:19:59,Linux 6.6.87.2-microsoft-standard-WSL2,NVIDIA GeForce RTX 4060,Fourier25_PEDS_m3,"23,066",153,1.95,7.0%,93.0%,16,1,15.58,1.91,0.84,12.83,5.39%,12.26%,82.35%,8188.0,2861.0,18.21,5308.79,0.22%,34.94%,64.84%,47
2026-06-01 19:20:01,Linux 6.6.87.2-microsoft-standard-WSL2,NVIDIA GeForce RTX 4060,Fourier25_PEDS_m3,"23,066",154,1.95,6.5%,93.5%,16,1,15.58,1.91,0.84,12.83,5.39%,12.26%,82.35%,8188.0,2861.0,18.21,5308.79,0.22%,34.94%,64.84%,46
2026-06-01 19:20:03,Linux 6.6.87.2-microsoft-standard-WSL2,NVIDIA GeForce RTX 4060,Fourier25_PEDS_m3,"23,066",155,1.94,6.3%,93.7%,16,1,15.58,1.9,0.84,12.84,5.39%,12.2%,82.41%,8188.0,2861.0,18.21,5308.79,0.22%,34.94%,64.84%,46
2026-06-01 19:20:05,Linux 6.6.87.2-microsoft-standard-WSL2,NVIDIA GeForce RTX 4060,Fourier25_PEDS_m3,"23,066",156,1.97,6.5%,93.5%,16,1,15.58,1.91,0.84,12.83,5.39%,12.26%,82.35%,8188.0,2935.38,18.21,5234.41,0.22%,35.85%,63.93%,47
2026-06-01 19:20:08,Linux 6.6.87.2-microsoft-standard-WSL2,NVIDIA GeForce RTX 4060,Fourier25_PEDS_m3,"23,066",157,1.95,6.9%,93.1%,16,1,15.58,1.91,0.84,12.83,5.39%,12.26%,82.35%,8188.0,2908.49,18.22,5261.29,0.22%,35.52%,64.26%,47
2026-06-01 19:20:10,Linux 6.6.87.2-microsoft-standard-WSL2,NVIDIA GeForce RTX 4060,Fourier25_PEDS_m3,"23,066",158,1.96,6.5%,93.5%,16,1,15.58,1.9,0.84,12.84,5.39%,12.2%,82.41%,8188.0,2912.99,18.22,5256.79,0.22%,35.58%,64.2%,47
2026-06-01 19:20:12,Linux 6.6.87.2-microsoft-standard-WSL2,NVIDIA GeForce RTX 4060,Fourier25_PEDS_m3,"23,066",159,1.93,6.4%,93.6%,16,1,15.58,1.91,0.84,12.83,5.39%,12.26%,82.35%,8188.0,2914.87,18.22,5254.91,0.22%,35.6%,64.18%,47
2026-06-01 19:20:14,Linux 6.6.87.2-microsoft-standard-WSL2,NVIDIA GeForce RTX 4060,Fourier25_PEDS_m3,"23,066",160,1.94,6.4%,93.6%,16,1,15.58,1.91,0.84,12.83,5.39%,12.26%,82.35%,8188.0,2914.68,18.22,5255.1,0.22%,35.6%,64.18%,47
2026-06-01 19:20:16,Linux 6.6.87.2-microsoft-standard-WSL2,NVIDIA GeForce RTX 4060,Fourier25_PEDS_m3,"23,066",161,1.93,6.4%,93.6%,16,1,15.58,1.91,0.84,12.83,5.39%,12.26%,82.35%,8188.0,2910.93,18.22,5258.85,0.22%,35.55%,64.23%,47
2026-06-01 19:20:20,Linux 6.6.87.2-microsoft-standard-WSL2,NVIDIA GeForce RTX 4060,Fourier25_PEDS_m3,"23,066",162,2.06,7.9%,92.1%,16,1,15.58,1.91,0.84,12.83,5.39%,12.26%,82.35%,8188.0,2910.93,18.22,5258.85,0.22%,35.55%,64.23%,47
2026-06-01 19:20:22,Linux 6.6.87.2-microsoft-standard-WSL2,NVIDIA GeForce RTX 4060,Fourier25_PEDS_m3,"23,066",163,1.98,6.4%,93.6%,16,1,15.58,1.91,0.84,12.83,5.39%,12.26%,82.35%,8188.0,2896.99,18.22,5272.79,0.22%,35.38%,64.4%,47
2026-06-01 19:20:24,Linux 6.6.87.2-microsoft-standard-WSL2,NVIDIA GeForce RTX 4060,Fourier25_PEDS_m3,"23,066",164,1.96,6.6%,93.4%,16,1,15.58,1.91,0.84,12.83,5.39%,12.26%,82.35%,8188.0,2904.74,18.22,5265.04,0.22%,35.48%,64.3%,47
2026-06-01 19:20:26,Linux 6.6.87.2-microsoft-standard-WSL2,NVIDIA GeForce RTX 4060,Fourier25_PEDS_m3,"23,066",165,1.95,6.4%,93.6%,16,1,15.58,1.91,0.84,12.83,5.39%,12.26%,82.35%,8188.0,2910.68,18.22,5259.1,0.22%,35.55%,64.23%,48
2026-06-01 19:20:28,Linux 6.6.87.2-microsoft-standard-WSL2,NVIDIA GeForce RTX 4060,Fourier25_PEDS_m3,"23,066",166,1.92,6.3%,93.7%,16,1,15.58,1.91,0.84,12.83,5.39%,12.26%,82.35%,8188.0,2910.68,18.22,5259.1,0.22%,35.55%,64.23%,48
2026-06-01 19:20:31,Linux 6.6.87.2-microsoft-standard-WSL2,NVIDIA GeForce RTX 4060,Fourier25_PEDS_m3,"23,066",167,1.94,6.5%,93.5%,16,1,15.58,1.91,0.84,12.83,5.39%,12.26%,82.35%,8188.0,2912.8,18.22,5256.98,0.22%,35.57%,64.21%,47
2026-06-01 19:20:33,Linux 6.6.87.2-microsoft-standard-WSL2,NVIDIA GeForce RTX 4060,Fourier25_PEDS_m3,"23,066",168,1.9,6.4%,93.6%,16,1,15.58,1.9,0.84,12.84,5.39%,12.2%,82.41%,8188.0,2908.8,18.22,5260.98,0.22%,35.53%,64.25%,47
2026-06-01 19:20:35,Linux 6.6.87.2-microsoft-standard-WSL2,NVIDIA GeForce RTX 4060,Fourier25_PEDS_m3,"23,066",169,1.92,6.5%,93.5%,16,1,15.58,1.91,0.84,12.83,5.39%,12.26%,82.35%,8188.0,2914.93,18.22,5254.85,0.22%,35.6%,64.18%,47
2026-06-01 19:20:37,Linux 6.6.87.2-microsoft-standard-WSL2,NVIDIA GeForce RTX 4060,Fourier25_PEDS_m3,"23,066",170,1.92,6.3%,93.7%,16,1,15.58,1.9,0.84,12.84,5.39%,12.2%,82.41%,8188.0,2910.93,18.22,5258.85,0.22%,35.55%,64.23%,47
2026-06-01 19:20:39,Linux 6.6.87.2-microsoft-standard-WSL2,NVIDIA GeForce RTX 4060,Fourier25_PEDS_m3,"23,066",171,1.94,6.9%,93.1%,16,1,15.58,1.9,0.84,12.84,5.39%,12.2%,82.41%,8188.0,2910.93,18.22,5258.85,0.22%,35.55%,64.23%,47
2026-06-01 19:20:43,Linux 6.6.87.2-microsoft-standard-WSL2,NVIDIA GeForce RTX 4060,Fourier25_PEDS_m3,"23,066",172,1.96,6.4%,93.6%,16,1,15.58,1.9,0.84,12.84,5.39%,12.2%,82.41%,8188.0,2906.92,18.23,5262.85,0.22%,35.5%,64.28%,48
2026-06-01 19:20:45,Linux 6.6.87.2-microsoft-standard-WSL2,NVIDIA GeForce RTX 4060,Fourier25_PEDS_m3,"23,066",173,1.92,6.4%,93.6%,16,2,15.58,1.9,0.84,12.84,5.39%,12.2%,82.41%,8188.0,2914.67,18.23,5255.1,0.22%,35.6%,64.18%,48
2026-06-01 19:20:47,Linux 6.6.87.2-microsoft-standard-WSL2,NVIDIA GeForce RTX 4060,Fourier25_PEDS_m3,"23,066",174,1.92,6.4%,93.6%,16,1,15.58,1.9,0.84,12.84,5.39%,12.2%,82.41%,8188.0,2910.67,18.23,5259.1,0.22%,35.55%,64.23%,47
2026-06-01 19:20:49,Linux 6.6.87.2-microsoft-standard-WSL2,NVIDIA GeForce RTX 4060,Fourier25_PEDS_m3,"23,066",175,1.97,6.9%,93.1%,16,1,15.58,1.9,0.84,12.84,5.39%,12.2%,82.41%,8188.0,2910.67,18.23,5259.1,0.22%,35.55%,64.23%,47
2026-06-01 19:20:51,Linux 6.6.87.2-microsoft-standard-WSL2,NVIDIA GeForce RTX 4060,Fourier25_PEDS_m3,"23,066",176,1.96,6.4%,93.6%,16,1,15.58,1.9,0.84,12.84,5.39%,12.2%,82.41%,8188.0,2910.67,18.23,5259.1,0.22%,35.55%,64.23%,47
2026-06-01 19:20:54,Linux 6.6.87.2-microsoft-standard-WSL2,NVIDIA GeForce RTX 4060,Fourier25_PEDS_m3,"23,066",177,1.91,6.4%,93.6%,16,2,15.58,1.91,0.84,12.83,5.39%,12.26%,82.35%,8188.0,2900.73,18.23,5269.04,0.22%,35.43%,64.35%,47
2026-06-01 19:20:56,Linux 6.6.87.2-microsoft-standard-WSL2,NVIDIA GeForce RTX 4060,Fourier25_PEDS_m3,"23,066",178,1.93,6.4%,93.6%,16,2,15.58,1.91,0.84,12.83,5.39%,12.26%,82.35%,8188.0,2906.92,18.23,5262.85,0.22%,35.5%,64.28%,48
2026-06-01 19:20:58,Linux 6.6.87.2-microsoft-standard-WSL2,NVIDIA GeForce RTX 4060,Fourier25_PEDS_m3,"23,066",179,1.89,6.4%,93.6%,16,1,15.58,1.91,0.84,12.83,5.39%,12.26%,82.35%,8188.0,2906.92,18.23,5262.85,0.22%,35.5%,64.28%,48
2026-06-01 19:21:00,Linux 6.6.87.2-microsoft-standard-WSL2,NVIDIA GeForce RTX 4060,Fourier25_PEDS_m3,"23,066",180,1.93,6.9%,93.1%,16,1,15.58,1.9,0.84,12.84,5.39%,12.2%,82.41%,8188.0,2906.92,18.23,5262.85,0.22%,35.5%,64.28%,48
2026-06-01 19:21:02,Linux 6.6.87.2-microsoft-standard-WSL2,NVIDIA GeForce RTX 4060,Fourier25_PEDS_m3,"23,066",181,1.92,6.4%,93.6%,16,1,15.58,1.91,0.84,12.83,5.39%,12.26%,82.35%,8188.0,2906.92,18.23,5262.85,0.22%,35.5%,64.28%,48
2026-06-01 19:21:06,Linux 6.6.87.2-microsoft-standard-WSL2,NVIDIA GeForce RTX 4060,Fourier25_PEDS_m3,"23,066",182,1.95,6.4%,93.6%,16,1,15.58,1.91,0.84,12.83,5.39%,12.26%,82.35%,8188.0,2912.78,18.24,5256.98,0.22%,35.57%,64.21%,48
2026-06-01 19:21:08,Linux 6.6.87.2-microsoft-standard-WSL2,NVIDIA GeForce RTX 4060,Fourier25_PEDS_m3,"23,066",183,1.91,6.3%,93.7%,16,1,15.58,1.91,0.84,12.83,5.39%,12.26%,82.35%,8188.0,2912.44,18.24,5257.32,0.22%,35.57%,64.21%,48
2026-06-01 19:21:10,Linux 6.6.87.2-microsoft-standard-WSL2,NVIDIA GeForce RTX 4060,Fourier25_PEDS_m3,"23,066",184,1.96,7.1%,92.9%,16,1,15.58,1.91,0.84,12.83,5.39%,12.26%,82.35%,8188.0,2910.47,18.24,5259.29,0.22%,35.55%,64.23%,48
2026-06-01 19:21:11,Linux 6.6.87.2-microsoft-standard-WSL2,NVIDIA GeForce RTX 4060,Fourier25_PEDS_m3,"23,066",185,1.94,6.5%,93.5%,16,1,15.58,1.91,0.84,12.83,5.39%,12.26%,82.35%,8188.0,2936.47,18.24,5233.29,0.22%,35.86%,63.92%,48
2026-06-01 19:21:13,Linux 6.6.87.2-microsoft-standard-WSL2,NVIDIA GeForce RTX 4060,Fourier25_PEDS_m3,"23,066",186,1.98,6.4%,93.6%,16,1,15.58,1.91,0.84,12.83,5.39%,12.26%,82.35%,8188.0,2926.6,18.24,5243.16,0.22%,35.74%,64.04%,48
2026-06-01 19:21:17,Linux 6.6.87.2-microsoft-standard-WSL2,NVIDIA GeForce RTX 4060,Fourier25_PEDS_m3,"23,066",187,1.91,6.5%,93.5%,16,2,15.58,1.91,0.84,12.83,5.39%,12.26%,82.35%,8188.0,2933.91,18.24,5235.85,0.22%,35.83%,63.95%,48
2026-06-01 19:21:19,Linux 6.6.87.2-microsoft-standard-WSL2,NVIDIA GeForce RTX 4060,Fourier25_PEDS_m3,"23,066",188,1.99,6.8%,93.2%,16,2,15.58,1.9,0.84,12.84,5.39%,12.2%,82.41%,8188.0,2956.03,18.24,5213.73,0.22%,36.1%,63.68%,48
2026-06-01 19:21:21,Linux 6.6.87.2-microsoft-standard-WSL2,NVIDIA GeForce RTX 4060,Fourier25_PEDS_m3,"23,066",189,1.97,7.2%,92.8%,16,1,15.58,1.91,0.84,12.83,5.39%,12.26%,82.35%,8188.0,2959.16,18.24,5210.6,0.22%,36.14%,63.64%,48
2026-06-01 19:21:23,Linux 6.6.87.2-microsoft-standard-WSL2,NVIDIA GeForce RTX 4060,Fourier25_PEDS_m3,"23,066",190,2.0,6.4%,93.6%,16,1,15.58,1.9,0.84,12.84,5.39%,12.2%,82.41%,8188.0,2945.97,18.24,5223.79,0.22%,35.98%,63.8%,48
2026-06-01 19:21:25,Linux 6.6.87.2-microsoft-standard-WSL2,NVIDIA GeForce RTX 4060,Fourier25_PEDS_m3,"23,066",191,1.98,6.5%,93.5%,16,1,15.58,1.91,0.84,12.83,5.39%,12.26%,82.35%,8188.0,2899.85,18.24,5269.91,0.22%,35.42%,64.36%,49
2026-06-01 19:21:29,Linux 6.6.87.2-microsoft-standard-WSL2,NVIDIA GeForce RTX 4060,Fourier25_PEDS_m3,"23,066",192,1.96,6.9%,93.1%,16,1,15.58,1.91,0.84,12.83,5.39%,12.26%,82.35%,8188.0,2913.28,18.24,5256.48,0.22%,35.58%,64.2%,48
2026-06-01 19:21:31,Linux 6.6.87.2-microsoft-standard-WSL2,NVIDIA GeForce RTX 4060,Fourier25_PEDS_m3,"23,066",193,1.93,6.4%,93.6%,16,1,15.58,1.91,0.84,12.83,5.39%,12.26%,82.35%,8188.0,2913.16,18.24,5256.6,0.22%,35.58%,64.2%,48
2026-06-01 19:21:33,Linux 6.6.87.2-microsoft-standard-WSL2,NVIDIA GeForce RTX 4060,Fourier25_PEDS_m3,"23,066",194,1.94,6.4%,93.6%,16,2,15.58,1.91,0.84,12.83,5.39%,12.26%,82.35%,8188.0,2912.97,18.24,5256.79,0.22%,35.58%,64.2%,48
2026-06-01 19:21:35,Linux 6.6.87.2-microsoft-standard-WSL2,NVIDIA GeForce RTX 4060,Fourier25_PEDS_m3,"23,066",195,1.95,6.4%,93.6%,16,1,15.58,1.91,0.84,12.83,5.39%,12.26%,82.35%,8188.0,2905.6,18.24,5264.16,0.22%,35.49%,64.29%,49
2026-06-01 19:21:37,Linux 6.6.87.2-microsoft-standard-WSL2,NVIDIA GeForce RTX 4060,Fourier25_PEDS_m3,"23,066",196,1.94,6.4%,93.6%,16,2,15.58,1.91,0.84,12.83,5.39%,12.26%,82.35%,8188.0,2911.85,18.24,5257.91,0.22%,35.56%,64.22%,49
2026-06-01 19:21:40,Linux 6.6.87.2-microsoft-standard-WSL2,NVIDIA GeForce RTX 4060,Fourier25_PEDS_m3,"23,066",197,1.97,6.6%,93.4%,16,1,15.58,1.91,0.84,12.83,5.39%,12.26%,82.35%,8188.0,2911.84,18.25,5257.91,0.22%,35.56%,64.22%,48
2026-06-01 19:21:42,Linux 6.6.87.2-microsoft-standard-WSL2,NVIDIA GeForce RTX 4060,Fourier25_PEDS_m3,"23,066",198,1.93,6.5%,93.5%,16,1,15.58,1.91,0.84,12.83,5.39%,12.26%,82.35%,8188.0,2916.27,18.25,5253.48,0.22%,35.62%,64.16%,48
2026-06-01 19:21:44,Linux 6.6.87.2-microsoft-standard-WSL2,NVIDIA GeForce RTX 4060,Fourier25_PEDS_m3,"23,066",199,1.97,6.3%,93.7%,16,1,15.58,1.91,0.84,12.83,5.39%,12.26%,82.35%,8188.0,2927.27,18.25,5242.48,0.22%,35.75%,64.03%,48
2026-06-01 19:21:46,Linux 6.6.87.2-microsoft-standard-WSL2,NVIDIA GeForce RTX 4060,Fourier25_PEDS_m3,"23,066",200,1.98,6.5%,93.5%,16,1,15.58,1.9,0.84,12.84,5.39%,12.2%,82.41%,8188.0,2919.9,18.25,5249.85,0.22%,35.66%,64.12%,48
