Timestamp,SO,GPU_Nome,Modelo_IA,Total_Parametros,Época,Tempo_Treino_(s),Uso_CPU_Geral,CPU_Livre,CPU_Nucleos_Totais,CPU_Nucleos_Ativos,RAM_Total_(GB),RAM_SO_(GB),RAM_IA_(GB),RAM_Livre_(GB),RAM_P_IA,RAM_P_SO,RAM_P_Livre,VRAM_Total_(MB),VRAM_SO_(MB),VRAM_IA_(MB),VRAM_Livre_(MB),GPU_P_IA,GPU_P_SO,GPU_P_Livre,Temp_GPU_(°C)
2026-06-01 01:43:49,Linux 6.6.87.2-microsoft-standard-WSL2,NVIDIA GeForce RTX 4060,Fourier16_NNonly,"20,769",1,0.1,2.5%,97.5%,16,2,15.58,1.77,0.8,13.01,5.13%,11.36%,83.51%,8188.0,2842.26,17.39,5328.35,0.21%,34.71%,65.08%,42
2026-06-01 01:43:49,Linux 6.6.87.2-microsoft-standard-WSL2,NVIDIA GeForce RTX 4060,Fourier16_NNonly,"20,769",2,0.03,4.9%,95.1%,16,1,15.58,1.77,0.8,13.01,5.13%,11.36%,83.51%,8188.0,2842.25,17.4,5328.35,0.21%,34.71%,65.08%,42
2026-06-01 01:43:49,Linux 6.6.87.2-microsoft-standard-WSL2,NVIDIA GeForce RTX 4060,Fourier16_NNonly,"20,769",3,0.03,6.5%,93.5%,16,3,15.58,1.77,0.8,13.01,5.13%,11.36%,83.51%,8188.0,2842.25,17.4,5328.35,0.21%,34.71%,65.08%,42
2026-06-01 01:43:49,Linux 6.6.87.2-microsoft-standard-WSL2,NVIDIA GeForce RTX 4060,Fourier16_NNonly,"20,769",4,0.03,14.3%,85.7%,16,3,15.58,1.77,0.8,13.01,5.13%,11.36%,83.51%,8188.0,2842.25,17.4,5328.35,0.21%,34.71%,65.08%,42
2026-06-01 01:43:49,Linux 6.6.87.2-microsoft-standard-WSL2,NVIDIA GeForce RTX 4060,Fourier16_NNonly,"20,769",5,0.03,6.7%,93.3%,16,1,15.58,1.77,0.8,13.01,5.13%,11.36%,83.51%,8188.0,2874.25,17.4,5296.35,0.21%,35.1%,64.69%,42
2026-06-01 01:43:49,Linux 6.6.87.2-microsoft-standard-WSL2,NVIDIA GeForce RTX 4060,Fourier16_NNonly,"20,769",6,0.03,7.0%,93.0%,16,2,15.58,1.77,0.8,13.01,5.13%,11.36%,83.51%,8188.0,2874.06,17.4,5296.54,0.21%,35.1%,64.69%,42
2026-06-01 01:43:49,Linux 6.6.87.2-microsoft-standard-WSL2,NVIDIA GeForce RTX 4060,Fourier16_NNonly,"20,769",7,0.03,7.1%,92.9%,16,2,15.58,1.77,0.8,13.01,5.13%,11.36%,83.51%,8188.0,2874.06,17.4,5296.54,0.21%,35.1%,64.69%,42
2026-06-01 01:43:49,Linux 6.6.87.2-microsoft-standard-WSL2,NVIDIA GeForce RTX 4060,Fourier16_NNonly,"20,769",8,0.03,7.0%,93.0%,16,2,15.58,1.77,0.8,13.01,5.13%,11.36%,83.51%,8188.0,2874.06,17.4,5296.54,0.21%,35.1%,64.69%,42
2026-06-01 01:43:49,Linux 6.6.87.2-microsoft-standard-WSL2,NVIDIA GeForce RTX 4060,Fourier16_NNonly,"20,769",9,0.03,7.1%,92.9%,16,2,15.58,1.77,0.8,13.01,5.13%,11.36%,83.51%,8188.0,2874.06,17.4,5296.54,0.21%,35.1%,64.69%,42
2026-06-01 01:43:49,Linux 6.6.87.2-microsoft-standard-WSL2,NVIDIA GeForce RTX 4060,Fourier16_NNonly,"20,769",10,0.03,4.8%,95.2%,16,2,15.58,1.77,0.8,13.01,5.13%,11.36%,83.51%,8188.0,2874.06,17.4,5296.54,0.21%,35.1%,64.69%,42
2026-06-01 01:43:49,Linux 6.6.87.2-microsoft-standard-WSL2,NVIDIA GeForce RTX 4060,Fourier16_NNonly,"20,769",11,0.03,6.8%,93.2%,16,1,15.58,1.77,0.8,13.01,5.13%,11.36%,83.51%,8188.0,2874.06,17.4,5296.54,0.21%,35.1%,64.69%,42
2026-06-01 01:43:49,Linux 6.6.87.2-microsoft-standard-WSL2,NVIDIA GeForce RTX 4060,Fourier16_NNonly,"20,769",12,0.03,7.0%,93.0%,16,2,15.58,1.77,0.8,13.01,5.13%,11.36%,83.51%,8188.0,2874.06,17.4,5296.54,0.21%,35.1%,64.69%,42
2026-06-01 01:43:49,Linux 6.6.87.2-microsoft-standard-WSL2,NVIDIA GeForce RTX 4060,Fourier16_NNonly,"20,769",13,0.03,7.1%,92.9%,16,3,15.58,1.77,0.8,13.01,5.13%,11.36%,83.51%,8188.0,2874.06,17.4,5296.54,0.21%,35.1%,64.69%,42
2026-06-01 01:43:49,Linux 6.6.87.2-microsoft-standard-WSL2,NVIDIA GeForce RTX 4060,Fourier16_NNonly,"20,769",14,0.03,7.1%,92.9%,16,2,15.58,1.77,0.8,13.01,5.13%,11.36%,83.51%,8188.0,2874.06,17.4,5296.54,0.21%,35.1%,64.69%,42
2026-06-01 01:43:49,Linux 6.6.87.2-microsoft-standard-WSL2,NVIDIA GeForce RTX 4060,Fourier16_NNonly,"20,769",15,0.03,6.8%,93.2%,16,2,15.58,1.77,0.8,13.01,5.13%,11.36%,83.51%,8188.0,2874.06,17.4,5296.54,0.21%,35.1%,64.69%,42
2026-06-01 01:43:49,Linux 6.6.87.2-microsoft-standard-WSL2,NVIDIA GeForce RTX 4060,Fourier16_NNonly,"20,769",16,0.03,4.9%,95.1%,16,2,15.58,1.77,0.8,13.01,5.13%,11.36%,83.51%,8188.0,2874.06,17.4,5296.54,0.21%,35.1%,64.69%,42
2026-06-01 01:43:49,Linux 6.6.87.2-microsoft-standard-WSL2,NVIDIA GeForce RTX 4060,Fourier16_NNonly,"20,769",17,0.03,7.1%,92.9%,16,2,15.58,1.77,0.8,13.01,5.13%,11.36%,83.51%,8188.0,2874.06,17.4,5296.54,0.21%,35.1%,64.69%,42
2026-06-01 01:43:50,Linux 6.6.87.2-microsoft-standard-WSL2,NVIDIA GeForce RTX 4060,Fourier16_NNonly,"20,769",18,0.03,7.0%,93.0%,16,2,15.58,1.77,0.8,13.01,5.13%,11.36%,83.51%,8188.0,2874.06,17.4,5296.54,0.21%,35.1%,64.69%,44
2026-06-01 01:43:50,Linux 6.6.87.2-microsoft-standard-WSL2,NVIDIA GeForce RTX 4060,Fourier16_NNonly,"20,769",19,0.03,4.9%,95.1%,16,2,15.58,1.77,0.8,13.01,5.13%,11.36%,83.51%,8188.0,2874.06,17.4,5296.54,0.21%,35.1%,64.69%,44
2026-06-01 01:43:50,Linux 6.6.87.2-microsoft-standard-WSL2,NVIDIA GeForce RTX 4060,Fourier16_NNonly,"20,769",20,0.03,9.3%,90.7%,16,2,15.58,1.77,0.8,13.01,5.13%,11.36%,83.51%,8188.0,2874.06,17.4,5296.54,0.21%,35.1%,64.69%,44
2026-06-01 01:43:50,Linux 6.6.87.2-microsoft-standard-WSL2,NVIDIA GeForce RTX 4060,Fourier16_NNonly,"20,769",21,0.03,4.9%,95.1%,16,1,15.58,1.77,0.8,13.01,5.13%,11.36%,83.51%,8188.0,2874.06,17.4,5296.54,0.21%,35.1%,64.69%,44
2026-06-01 01:43:50,Linux 6.6.87.2-microsoft-standard-WSL2,NVIDIA GeForce RTX 4060,Fourier16_NNonly,"20,769",22,0.03,2.4%,97.6%,16,1,15.58,1.77,0.8,13.01,5.13%,11.36%,83.51%,8188.0,2874.06,17.4,5296.54,0.21%,35.1%,64.69%,44
2026-06-01 01:43:50,Linux 6.6.87.2-microsoft-standard-WSL2,NVIDIA GeForce RTX 4060,Fourier16_NNonly,"20,769",23,0.03,4.9%,95.1%,16,2,15.58,1.77,0.8,13.01,5.13%,11.36%,83.51%,8188.0,2874.06,17.4,5296.54,0.21%,35.1%,64.69%,44
2026-06-01 01:43:50,Linux 6.6.87.2-microsoft-standard-WSL2,NVIDIA GeForce RTX 4060,Fourier16_NNonly,"20,769",24,0.03,9.3%,90.7%,16,2,15.58,1.77,0.8,13.01,5.13%,11.36%,83.51%,8188.0,2874.06,17.4,5296.54,0.21%,35.1%,64.69%,44
2026-06-01 01:43:50,Linux 6.6.87.2-microsoft-standard-WSL2,NVIDIA GeForce RTX 4060,Fourier16_NNonly,"20,769",25,0.03,4.9%,95.1%,16,2,15.58,1.77,0.8,13.01,5.13%,11.36%,83.51%,8188.0,2874.06,17.4,5296.54,0.21%,35.1%,64.69%,44
2026-06-01 01:43:50,Linux 6.6.87.2-microsoft-standard-WSL2,NVIDIA GeForce RTX 4060,Fourier16_NNonly,"20,769",26,0.03,4.9%,95.1%,16,2,15.58,1.77,0.8,13.01,5.13%,11.36%,83.51%,8188.0,2874.06,17.4,5296.54,0.21%,35.1%,64.69%,44
2026-06-01 01:43:50,Linux 6.6.87.2-microsoft-standard-WSL2,NVIDIA GeForce RTX 4060,Fourier16_NNonly,"20,769",27,0.03,6.7%,93.3%,16,1,15.58,1.77,0.8,13.01,5.13%,11.36%,83.51%,8188.0,2874.06,17.4,5296.54,0.21%,35.1%,64.69%,44
2026-06-01 01:43:50,Linux 6.6.87.2-microsoft-standard-WSL2,NVIDIA GeForce RTX 4060,Fourier16_NNonly,"20,769",28,0.03,7.0%,93.0%,16,2,15.58,1.77,0.8,13.01,5.13%,11.36%,83.51%,8188.0,2874.06,17.4,5296.54,0.21%,35.1%,64.69%,44
2026-06-01 01:43:50,Linux 6.6.87.2-microsoft-standard-WSL2,NVIDIA GeForce RTX 4060,Fourier16_NNonly,"20,769",29,0.03,4.7%,95.3%,16,2,15.58,1.77,0.8,13.01,5.13%,11.36%,83.51%,8188.0,2874.06,17.4,5296.54,0.21%,35.1%,64.69%,44
2026-06-01 01:43:50,Linux 6.6.87.2-microsoft-standard-WSL2,NVIDIA GeForce RTX 4060,Fourier16_NNonly,"20,769",30,0.03,4.9%,95.1%,16,2,15.58,1.77,0.8,13.01,5.13%,11.36%,83.51%,8188.0,2874.06,17.4,5296.54,0.21%,35.1%,64.69%,44
2026-06-01 01:43:50,Linux 6.6.87.2-microsoft-standard-WSL2,NVIDIA GeForce RTX 4060,Fourier16_NNonly,"20,769",31,0.03,7.1%,92.9%,16,1,15.58,1.77,0.8,13.01,5.13%,11.36%,83.51%,8188.0,2874.06,17.4,5296.54,0.21%,35.1%,64.69%,44
2026-06-01 01:43:50,Linux 6.6.87.2-microsoft-standard-WSL2,NVIDIA GeForce RTX 4060,Fourier16_NNonly,"20,769",32,0.03,4.9%,95.1%,16,2,15.58,1.77,0.8,13.01,5.13%,11.36%,83.51%,8188.0,2874.06,17.4,5296.54,0.21%,35.1%,64.69%,44
2026-06-01 01:43:50,Linux 6.6.87.2-microsoft-standard-WSL2,NVIDIA GeForce RTX 4060,Fourier16_NNonly,"20,769",33,0.03,7.0%,93.0%,16,2,15.58,1.77,0.8,13.01,5.13%,11.36%,83.51%,8188.0,2874.06,17.4,5296.54,0.21%,35.1%,64.69%,44
2026-06-01 01:43:50,Linux 6.6.87.2-microsoft-standard-WSL2,NVIDIA GeForce RTX 4060,Fourier16_NNonly,"20,769",34,0.03,4.9%,95.1%,16,2,15.58,1.77,0.8,13.01,5.13%,11.36%,83.51%,8188.0,2874.06,17.4,5296.54,0.21%,35.1%,64.69%,44
2026-06-01 01:43:50,Linux 6.6.87.2-microsoft-standard-WSL2,NVIDIA GeForce RTX 4060,Fourier16_NNonly,"20,769",35,0.03,7.0%,93.0%,16,2,15.58,1.77,0.8,13.01,5.13%,11.36%,83.51%,8188.0,2874.06,17.4,5296.54,0.21%,35.1%,64.69%,44
2026-06-01 01:43:50,Linux 6.6.87.2-microsoft-standard-WSL2,NVIDIA GeForce RTX 4060,Fourier16_NNonly,"20,769",36,0.03,7.0%,93.0%,16,2,15.58,1.77,0.8,13.01,5.13%,11.36%,83.51%,8188.0,2874.06,17.4,5296.54,0.21%,35.1%,64.69%,44
2026-06-01 01:43:50,Linux 6.6.87.2-microsoft-standard-WSL2,NVIDIA GeForce RTX 4060,Fourier16_NNonly,"20,769",37,0.03,4.8%,95.2%,16,2,15.58,1.77,0.8,13.01,5.13%,11.36%,83.51%,8188.0,2874.06,17.4,5296.54,0.21%,35.1%,64.69%,44
2026-06-01 01:43:50,Linux 6.6.87.2-microsoft-standard-WSL2,NVIDIA GeForce RTX 4060,Fourier16_NNonly,"20,769",38,0.03,7.1%,92.9%,16,2,15.58,1.77,0.8,13.01,5.13%,11.36%,83.51%,8188.0,2874.06,17.4,5296.54,0.21%,35.1%,64.69%,44
2026-06-01 01:43:50,Linux 6.6.87.2-microsoft-standard-WSL2,NVIDIA GeForce RTX 4060,Fourier16_NNonly,"20,769",39,0.03,4.8%,95.2%,16,2,15.58,1.77,0.8,13.01,5.13%,11.36%,83.51%,8188.0,2874.06,17.4,5296.54,0.21%,35.1%,64.69%,44
2026-06-01 01:43:50,Linux 6.6.87.2-microsoft-standard-WSL2,NVIDIA GeForce RTX 4060,Fourier16_NNonly,"20,769",40,0.03,7.1%,92.9%,16,2,15.58,1.77,0.8,13.01,5.13%,11.36%,83.51%,8188.0,2874.06,17.4,5296.54,0.21%,35.1%,64.69%,44
2026-06-01 01:43:50,Linux 6.6.87.2-microsoft-standard-WSL2,NVIDIA GeForce RTX 4060,Fourier16_NNonly,"20,769",41,0.03,12.0%,88.0%,16,4,15.58,1.77,0.8,13.01,5.13%,11.36%,83.51%,8188.0,2874.06,17.4,5296.54,0.21%,35.1%,64.69%,44
2026-06-01 01:43:50,Linux 6.6.87.2-microsoft-standard-WSL2,NVIDIA GeForce RTX 4060,Fourier16_NNonly,"20,769",42,0.03,6.7%,93.3%,16,2,15.58,1.77,0.8,13.01,5.13%,11.36%,83.51%,8188.0,2874.06,17.4,5296.54,0.21%,35.1%,64.69%,44
2026-06-01 01:43:50,Linux 6.6.87.2-microsoft-standard-WSL2,NVIDIA GeForce RTX 4060,Fourier16_NNonly,"20,769",43,0.03,13.2%,86.8%,16,5,15.58,1.77,0.8,13.01,5.13%,11.36%,83.51%,8188.0,2874.06,17.4,5296.54,0.21%,35.1%,64.69%,44
2026-06-01 01:43:50,Linux 6.6.87.2-microsoft-standard-WSL2,NVIDIA GeForce RTX 4060,Fourier16_NNonly,"20,769",44,0.03,8.5%,91.5%,16,3,15.58,1.77,0.8,13.01,5.13%,11.36%,83.51%,8188.0,2874.06,17.4,5296.54,0.21%,35.1%,64.69%,44
2026-06-01 01:43:50,Linux 6.6.87.2-microsoft-standard-WSL2,NVIDIA GeForce RTX 4060,Fourier16_NNonly,"20,769",45,0.03,7.0%,93.0%,16,2,15.58,1.77,0.8,13.01,5.13%,11.36%,83.51%,8188.0,2874.06,17.4,5296.54,0.21%,35.1%,64.69%,44
2026-06-01 01:43:50,Linux 6.6.87.2-microsoft-standard-WSL2,NVIDIA GeForce RTX 4060,Fourier16_NNonly,"20,769",46,0.04,7.1%,92.9%,16,2,15.58,1.77,0.8,13.01,5.13%,11.36%,83.51%,8188.0,2874.06,17.4,5296.54,0.21%,35.1%,64.69%,44
2026-06-01 01:43:50,Linux 6.6.87.2-microsoft-standard-WSL2,NVIDIA GeForce RTX 4060,Fourier16_NNonly,"20,769",47,0.03,8.7%,91.3%,16,3,15.58,1.77,0.8,13.01,5.13%,11.36%,83.51%,8188.0,2873.19,17.4,5297.41,0.21%,35.09%,64.7%,44
2026-06-01 01:43:50,Linux 6.6.87.2-microsoft-standard-WSL2,NVIDIA GeForce RTX 4060,Fourier16_NNonly,"20,769",48,0.03,7.0%,93.0%,16,2,15.58,1.77,0.8,13.01,5.13%,11.36%,83.51%,8188.0,2863.38,17.4,5307.22,0.21%,34.97%,64.82%,44
2026-06-01 01:43:50,Linux 6.6.87.2-microsoft-standard-WSL2,NVIDIA GeForce RTX 4060,Fourier16_NNonly,"20,769",49,0.03,4.9%,95.1%,16,2,15.58,1.77,0.8,13.01,5.13%,11.36%,83.51%,8188.0,2863.38,17.4,5307.22,0.21%,34.97%,64.82%,44
2026-06-01 01:43:50,Linux 6.6.87.2-microsoft-standard-WSL2,NVIDIA GeForce RTX 4060,Fourier16_NNonly,"20,769",50,0.03,9.3%,90.7%,16,3,15.58,1.77,0.8,13.01,5.13%,11.36%,83.51%,8188.0,2863.38,17.4,5307.22,0.21%,34.97%,64.82%,44
2026-06-01 01:43:50,Linux 6.6.87.2-microsoft-standard-WSL2,NVIDIA GeForce RTX 4060,Fourier16_NNonly,"20,769",51,0.03,4.9%,95.1%,16,2,15.58,1.77,0.8,13.01,5.13%,11.36%,83.51%,8188.0,2863.38,17.4,5307.22,0.21%,34.97%,64.82%,44
2026-06-01 01:43:50,Linux 6.6.87.2-microsoft-standard-WSL2,NVIDIA GeForce RTX 4060,Fourier16_NNonly,"20,769",52,0.03,4.8%,95.2%,16,1,15.58,1.77,0.8,13.01,5.13%,11.36%,83.51%,8188.0,2863.38,17.4,5307.22,0.21%,34.97%,64.82%,44
2026-06-01 01:43:51,Linux 6.6.87.2-microsoft-standard-WSL2,NVIDIA GeForce RTX 4060,Fourier16_NNonly,"20,769",53,0.03,6.8%,93.2%,16,3,15.58,1.77,0.8,13.01,5.13%,11.36%,83.51%,8188.0,2863.38,17.4,5307.22,0.21%,34.97%,64.82%,44
2026-06-01 01:43:51,Linux 6.6.87.2-microsoft-standard-WSL2,NVIDIA GeForce RTX 4060,Fourier16_NNonly,"20,769",54,0.03,7.1%,92.9%,16,2,15.58,1.77,0.8,13.01,5.13%,11.36%,83.51%,8188.0,2863.38,17.4,5307.22,0.21%,34.97%,64.82%,44
2026-06-01 01:43:51,Linux 6.6.87.2-microsoft-standard-WSL2,NVIDIA GeForce RTX 4060,Fourier16_NNonly,"20,769",55,0.03,11.9%,88.1%,16,4,15.58,1.77,0.8,13.01,5.13%,11.36%,83.51%,8188.0,2863.38,17.4,5307.22,0.21%,34.97%,64.82%,44
2026-06-01 01:43:51,Linux 6.6.87.2-microsoft-standard-WSL2,NVIDIA GeForce RTX 4060,Fourier16_NNonly,"20,769",56,0.03,9.3%,90.7%,16,2,15.58,1.77,0.8,13.01,5.13%,11.36%,83.51%,8188.0,2863.38,17.4,5307.22,0.21%,34.97%,64.82%,44
2026-06-01 01:43:51,Linux 6.6.87.2-microsoft-standard-WSL2,NVIDIA GeForce RTX 4060,Fourier16_NNonly,"20,769",57,0.03,4.9%,95.1%,16,2,15.58,1.77,0.8,13.01,5.13%,11.36%,83.51%,8188.0,2863.38,17.4,5307.22,0.21%,34.97%,64.82%,44
2026-06-01 01:43:51,Linux 6.6.87.2-microsoft-standard-WSL2,NVIDIA GeForce RTX 4060,Fourier16_NNonly,"20,769",58,0.03,7.1%,92.9%,16,1,15.58,1.77,0.8,13.01,5.13%,11.36%,83.51%,8188.0,2863.38,17.4,5307.22,0.21%,34.97%,64.82%,44
2026-06-01 01:43:51,Linux 6.6.87.2-microsoft-standard-WSL2,NVIDIA GeForce RTX 4060,Fourier16_NNonly,"20,769",59,0.03,7.1%,92.9%,16,2,15.58,1.77,0.8,13.01,5.13%,11.36%,83.51%,8188.0,2863.38,17.4,5307.22,0.21%,34.97%,64.82%,44
2026-06-01 01:43:51,Linux 6.6.87.2-microsoft-standard-WSL2,NVIDIA GeForce RTX 4060,Fourier16_NNonly,"20,769",60,0.03,7.1%,92.9%,16,2,15.58,1.77,0.8,13.01,5.13%,11.36%,83.51%,8188.0,2863.38,17.4,5307.22,0.21%,34.97%,64.82%,44
2026-06-01 01:43:51,Linux 6.6.87.2-microsoft-standard-WSL2,NVIDIA GeForce RTX 4060,Fourier16_NNonly,"20,769",61,0.03,4.8%,95.2%,16,2,15.58,1.77,0.8,13.01,5.13%,11.36%,83.51%,8188.0,2863.38,17.4,5307.22,0.21%,34.97%,64.82%,44
2026-06-01 01:43:51,Linux 6.6.87.2-microsoft-standard-WSL2,NVIDIA GeForce RTX 4060,Fourier16_NNonly,"20,769",62,0.03,7.1%,92.9%,16,2,15.58,1.77,0.8,13.01,5.13%,11.36%,83.51%,8188.0,2863.38,17.4,5307.22,0.21%,34.97%,64.82%,44
2026-06-01 01:43:51,Linux 6.6.87.2-microsoft-standard-WSL2,NVIDIA GeForce RTX 4060,Fourier16_NNonly,"20,769",63,0.03,7.0%,93.0%,16,1,15.58,1.77,0.8,13.01,5.13%,11.36%,83.51%,8188.0,2863.38,17.4,5307.22,0.21%,34.97%,64.82%,44
2026-06-01 01:43:51,Linux 6.6.87.2-microsoft-standard-WSL2,NVIDIA GeForce RTX 4060,Fourier16_NNonly,"20,769",64,0.03,7.1%,92.9%,16,2,15.58,1.77,0.8,13.01,5.13%,11.36%,83.51%,8188.0,2863.38,17.4,5307.22,0.21%,34.97%,64.82%,44
2026-06-01 01:43:51,Linux 6.6.87.2-microsoft-standard-WSL2,NVIDIA GeForce RTX 4060,Fourier16_NNonly,"20,769",65,0.03,4.8%,95.2%,16,1,15.58,1.77,0.8,13.01,5.13%,11.36%,83.51%,8188.0,2863.38,17.4,5307.22,0.21%,34.97%,64.82%,44
2026-06-01 01:43:51,Linux 6.6.87.2-microsoft-standard-WSL2,NVIDIA GeForce RTX 4060,Fourier16_NNonly,"20,769",66,0.03,4.9%,95.1%,16,2,15.58,1.77,0.8,13.01,5.13%,11.36%,83.51%,8188.0,2863.38,17.4,5307.22,0.21%,34.97%,64.82%,44
2026-06-01 01:43:51,Linux 6.6.87.2-microsoft-standard-WSL2,NVIDIA GeForce RTX 4060,Fourier16_NNonly,"20,769",67,0.03,7.3%,92.7%,16,2,15.58,1.77,0.8,13.01,5.13%,11.36%,83.51%,8188.0,2863.38,17.4,5307.22,0.21%,34.97%,64.82%,44
2026-06-01 01:43:51,Linux 6.6.87.2-microsoft-standard-WSL2,NVIDIA GeForce RTX 4060,Fourier16_NNonly,"20,769",68,0.03,7.0%,93.0%,16,1,15.58,1.77,0.8,13.01,5.13%,11.36%,83.51%,8188.0,2863.38,17.4,5307.22,0.21%,34.97%,64.82%,44
2026-06-01 01:43:51,Linux 6.6.87.2-microsoft-standard-WSL2,NVIDIA GeForce RTX 4060,Fourier16_NNonly,"20,769",69,0.03,4.9%,95.1%,16,2,15.58,1.77,0.8,13.01,5.13%,11.36%,83.51%,8188.0,2863.38,17.4,5307.22,0.21%,34.97%,64.82%,44
2026-06-01 01:43:51,Linux 6.6.87.2-microsoft-standard-WSL2,NVIDIA GeForce RTX 4060,Fourier16_NNonly,"20,769",70,0.03,4.8%,95.2%,16,2,15.58,1.77,0.8,13.01,5.13%,11.36%,83.51%,8188.0,2863.38,17.4,5307.22,0.21%,34.97%,64.82%,44
2026-06-01 01:43:51,Linux 6.6.87.2-microsoft-standard-WSL2,NVIDIA GeForce RTX 4060,Fourier16_NNonly,"20,769",71,0.03,7.1%,92.9%,16,2,15.58,1.77,0.8,13.01,5.13%,11.36%,83.51%,8188.0,2863.38,17.4,5307.22,0.21%,34.97%,64.82%,44
2026-06-01 01:43:51,Linux 6.6.87.2-microsoft-standard-WSL2,NVIDIA GeForce RTX 4060,Fourier16_NNonly,"20,769",72,0.03,9.1%,90.9%,16,2,15.58,1.77,0.8,13.01,5.13%,11.36%,83.51%,8188.0,2863.38,17.4,5307.22,0.21%,34.97%,64.82%,44
2026-06-01 01:43:51,Linux 6.6.87.2-microsoft-standard-WSL2,NVIDIA GeForce RTX 4060,Fourier16_NNonly,"20,769",73,0.03,4.9%,95.1%,16,2,15.58,1.77,0.8,13.01,5.13%,11.36%,83.51%,8188.0,2863.38,17.4,5307.22,0.21%,34.97%,64.82%,44
2026-06-01 01:43:51,Linux 6.6.87.2-microsoft-standard-WSL2,NVIDIA GeForce RTX 4060,Fourier16_NNonly,"20,769",74,0.03,4.9%,95.1%,16,2,15.58,1.77,0.8,13.01,5.13%,11.36%,83.51%,8188.0,2863.38,17.4,5307.22,0.21%,34.97%,64.82%,44
2026-06-01 01:43:51,Linux 6.6.87.2-microsoft-standard-WSL2,NVIDIA GeForce RTX 4060,Fourier16_NNonly,"20,769",75,0.03,9.3%,90.7%,16,2,15.58,1.77,0.8,13.01,5.13%,11.36%,83.51%,8188.0,2863.38,17.4,5307.22,0.21%,34.97%,64.82%,44
2026-06-01 01:43:51,Linux 6.6.87.2-microsoft-standard-WSL2,NVIDIA GeForce RTX 4060,Fourier16_NNonly,"20,769",76,0.03,4.8%,95.2%,16,2,15.58,1.77,0.8,13.01,5.13%,11.36%,83.51%,8188.0,2863.38,17.4,5307.22,0.21%,34.97%,64.82%,44
2026-06-01 01:43:51,Linux 6.6.87.2-microsoft-standard-WSL2,NVIDIA GeForce RTX 4060,Fourier16_NNonly,"20,769",77,0.03,7.1%,92.9%,16,2,15.58,1.77,0.8,13.01,5.13%,11.36%,83.51%,8188.0,2863.38,17.4,5307.22,0.21%,34.97%,64.82%,44
2026-06-01 01:43:51,Linux 6.6.87.2-microsoft-standard-WSL2,NVIDIA GeForce RTX 4060,Fourier16_NNonly,"20,769",78,0.03,4.9%,95.1%,16,3,15.58,1.77,0.8,13.01,5.13%,11.36%,83.51%,8188.0,2867.38,17.4,5303.22,0.21%,35.02%,64.77%,44
2026-06-01 01:43:51,Linux 6.6.87.2-microsoft-standard-WSL2,NVIDIA GeForce RTX 4060,Fourier16_NNonly,"20,769",79,0.03,11.6%,88.4%,16,3,15.58,1.77,0.8,13.01,5.13%,11.36%,83.51%,8188.0,2867.38,17.4,5303.22,0.21%,35.02%,64.77%,44
2026-06-01 01:43:51,Linux 6.6.87.2-microsoft-standard-WSL2,NVIDIA GeForce RTX 4060,Fourier16_NNonly,"20,769",80,0.03,4.8%,95.2%,16,2,15.58,1.77,0.8,13.01,5.13%,11.36%,83.51%,8188.0,2867.38,17.4,5303.22,0.21%,35.02%,64.77%,44
2026-06-01 01:43:51,Linux 6.6.87.2-microsoft-standard-WSL2,NVIDIA GeForce RTX 4060,Fourier16_NNonly,"20,769",81,0.03,7.0%,93.0%,16,2,15.58,1.77,0.8,13.01,5.13%,11.36%,83.51%,8188.0,2867.38,17.4,5303.22,0.21%,35.02%,64.77%,44
2026-06-01 01:43:51,Linux 6.6.87.2-microsoft-standard-WSL2,NVIDIA GeForce RTX 4060,Fourier16_NNonly,"20,769",82,0.03,7.0%,93.0%,16,2,15.58,1.77,0.8,13.01,5.13%,11.36%,83.51%,8188.0,2867.38,17.4,5303.22,0.21%,35.02%,64.77%,44
2026-06-01 01:43:51,Linux 6.6.87.2-microsoft-standard-WSL2,NVIDIA GeForce RTX 4060,Fourier16_NNonly,"20,769",83,0.03,4.9%,95.1%,16,1,15.58,1.77,0.8,13.01,5.13%,11.36%,83.51%,8188.0,2867.38,17.4,5303.22,0.21%,35.02%,64.77%,44
2026-06-01 01:43:51,Linux 6.6.87.2-microsoft-standard-WSL2,NVIDIA GeForce RTX 4060,Fourier16_NNonly,"20,769",84,0.03,7.0%,93.0%,16,2,15.58,1.77,0.8,13.01,5.13%,11.36%,83.51%,8188.0,2867.38,17.4,5303.22,0.21%,35.02%,64.77%,44
2026-06-01 01:43:51,Linux 6.6.87.2-microsoft-standard-WSL2,NVIDIA GeForce RTX 4060,Fourier16_NNonly,"20,769",85,0.03,7.1%,92.9%,16,2,15.58,1.77,0.8,13.01,5.13%,11.36%,83.51%,8188.0,2867.38,17.4,5303.22,0.21%,35.02%,64.77%,44
2026-06-01 01:43:51,Linux 6.6.87.2-microsoft-standard-WSL2,NVIDIA GeForce RTX 4060,Fourier16_NNonly,"20,769",86,0.03,7.1%,92.9%,16,2,15.58,1.77,0.8,13.01,5.13%,11.36%,83.51%,8188.0,2867.38,17.4,5303.22,0.21%,35.02%,64.77%,44
2026-06-01 01:43:51,Linux 6.6.87.2-microsoft-standard-WSL2,NVIDIA GeForce RTX 4060,Fourier16_NNonly,"20,769",87,0.03,7.0%,93.0%,16,3,15.58,1.77,0.8,13.01,5.13%,11.36%,83.51%,8188.0,2867.38,17.4,5303.22,0.21%,35.02%,64.77%,44
2026-06-01 01:43:51,Linux 6.6.87.2-microsoft-standard-WSL2,NVIDIA GeForce RTX 4060,Fourier16_NNonly,"20,769",88,0.03,7.0%,93.0%,16,2,15.58,1.77,0.8,13.01,5.13%,11.36%,83.51%,8188.0,2867.38,17.4,5303.22,0.21%,35.02%,64.77%,44
2026-06-01 01:43:51,Linux 6.6.87.2-microsoft-standard-WSL2,NVIDIA GeForce RTX 4060,Fourier16_NNonly,"20,769",89,0.03,4.8%,95.2%,16,2,15.58,1.77,0.8,13.01,5.13%,11.36%,83.51%,8188.0,2867.38,17.4,5303.22,0.21%,35.02%,64.77%,44
2026-06-01 01:43:52,Linux 6.6.87.2-microsoft-standard-WSL2,NVIDIA GeForce RTX 4060,Fourier16_NNonly,"20,769",90,0.03,4.9%,95.1%,16,1,15.58,1.77,0.8,13.01,5.13%,11.36%,83.51%,8188.0,2867.38,17.4,5303.22,0.21%,35.02%,64.77%,44
2026-06-01 01:43:52,Linux 6.6.87.2-microsoft-standard-WSL2,NVIDIA GeForce RTX 4060,Fourier16_NNonly,"20,769",91,0.03,7.0%,93.0%,16,1,15.58,1.77,0.8,13.01,5.13%,11.36%,83.51%,8188.0,2867.38,17.4,5303.22,0.21%,35.02%,64.77%,44
2026-06-01 01:43:52,Linux 6.6.87.2-microsoft-standard-WSL2,NVIDIA GeForce RTX 4060,Fourier16_NNonly,"20,769",92,0.03,4.9%,95.1%,16,1,15.58,1.77,0.8,13.01,5.13%,11.36%,83.51%,8188.0,2867.38,17.4,5303.22,0.21%,35.02%,64.77%,44
2026-06-01 01:43:52,Linux 6.6.87.2-microsoft-standard-WSL2,NVIDIA GeForce RTX 4060,Fourier16_NNonly,"20,769",93,0.03,9.3%,90.7%,16,2,15.58,1.77,0.8,13.01,5.13%,11.36%,83.51%,8188.0,2867.38,17.4,5303.22,0.21%,35.02%,64.77%,44
2026-06-01 01:43:52,Linux 6.6.87.2-microsoft-standard-WSL2,NVIDIA GeForce RTX 4060,Fourier16_NNonly,"20,769",94,0.03,4.8%,95.2%,16,2,15.58,1.77,0.8,13.01,5.13%,11.36%,83.51%,8188.0,2867.38,17.4,5303.22,0.21%,35.02%,64.77%,44
2026-06-01 01:43:52,Linux 6.6.87.2-microsoft-standard-WSL2,NVIDIA GeForce RTX 4060,Fourier16_NNonly,"20,769",95,0.03,7.0%,93.0%,16,1,15.58,1.77,0.8,13.01,5.13%,11.36%,83.51%,8188.0,2867.38,17.4,5303.22,0.21%,35.02%,64.77%,44
2026-06-01 01:43:52,Linux 6.6.87.2-microsoft-standard-WSL2,NVIDIA GeForce RTX 4060,Fourier16_NNonly,"20,769",96,0.03,4.9%,95.1%,16,2,15.58,1.77,0.8,13.01,5.13%,11.36%,83.51%,8188.0,2867.38,17.4,5303.22,0.21%,35.02%,64.77%,44
2026-06-01 01:43:52,Linux 6.6.87.2-microsoft-standard-WSL2,NVIDIA GeForce RTX 4060,Fourier16_NNonly,"20,769",97,0.03,7.0%,93.0%,16,2,15.58,1.77,0.8,13.01,5.13%,11.36%,83.51%,8188.0,2867.38,17.4,5303.22,0.21%,35.02%,64.77%,44
2026-06-01 01:43:52,Linux 6.6.87.2-microsoft-standard-WSL2,NVIDIA GeForce RTX 4060,Fourier16_NNonly,"20,769",98,0.03,7.1%,92.9%,16,2,15.58,1.77,0.8,13.01,5.13%,11.36%,83.51%,8188.0,2867.38,17.4,5303.22,0.21%,35.02%,64.77%,44
2026-06-01 01:43:52,Linux 6.6.87.2-microsoft-standard-WSL2,NVIDIA GeForce RTX 4060,Fourier16_NNonly,"20,769",99,0.03,7.0%,93.0%,16,2,15.58,1.77,0.8,13.01,5.13%,11.36%,83.51%,8188.0,2867.38,17.4,5303.22,0.21%,35.02%,64.77%,44
2026-06-01 01:43:52,Linux 6.6.87.2-microsoft-standard-WSL2,NVIDIA GeForce RTX 4060,Fourier16_NNonly,"20,769",100,0.03,4.9%,95.1%,16,2,15.58,1.77,0.8,13.01,5.13%,11.36%,83.51%,8188.0,2867.38,17.4,5303.22,0.21%,35.02%,64.77%,44
2026-06-01 01:43:52,Linux 6.6.87.2-microsoft-standard-WSL2,NVIDIA GeForce RTX 4060,Fourier16_NNonly,"20,769",101,0.03,4.9%,95.1%,16,2,15.58,1.77,0.8,13.01,5.13%,11.36%,83.51%,8188.0,2867.38,17.4,5303.22,0.21%,35.02%,64.77%,44
2026-06-01 01:43:52,Linux 6.6.87.2-microsoft-standard-WSL2,NVIDIA GeForce RTX 4060,Fourier16_NNonly,"20,769",102,0.03,6.8%,93.2%,16,2,15.58,1.77,0.8,13.01,5.13%,11.36%,83.51%,8188.0,2867.38,17.4,5303.22,0.21%,35.02%,64.77%,44
2026-06-01 01:43:52,Linux 6.6.87.2-microsoft-standard-WSL2,NVIDIA GeForce RTX 4060,Fourier16_NNonly,"20,769",103,0.03,6.8%,93.2%,16,1,15.58,1.77,0.8,13.01,5.13%,11.36%,83.51%,8188.0,2867.38,17.4,5303.22,0.21%,35.02%,64.77%,44
2026-06-01 01:43:52,Linux 6.6.87.2-microsoft-standard-WSL2,NVIDIA GeForce RTX 4060,Fourier16_NNonly,"20,769",104,0.03,7.0%,93.0%,16,2,15.58,1.77,0.8,13.01,5.13%,11.36%,83.51%,8188.0,2867.38,17.4,5303.22,0.21%,35.02%,64.77%,44
2026-06-01 01:43:52,Linux 6.6.87.2-microsoft-standard-WSL2,NVIDIA GeForce RTX 4060,Fourier16_NNonly,"20,769",105,0.03,7.0%,93.0%,16,2,15.58,1.77,0.8,13.01,5.13%,11.36%,83.51%,8188.0,2867.38,17.4,5303.22,0.21%,35.02%,64.77%,44
2026-06-01 01:43:52,Linux 6.6.87.2-microsoft-standard-WSL2,NVIDIA GeForce RTX 4060,Fourier16_NNonly,"20,769",106,0.03,7.0%,93.0%,16,2,15.58,1.77,0.8,13.01,5.13%,11.36%,83.51%,8188.0,2867.38,17.4,5303.22,0.21%,35.02%,64.77%,44
2026-06-01 01:43:52,Linux 6.6.87.2-microsoft-standard-WSL2,NVIDIA GeForce RTX 4060,Fourier16_NNonly,"20,769",107,0.03,4.9%,95.1%,16,1,15.58,1.77,0.8,13.01,5.13%,11.36%,83.51%,8188.0,2867.38,17.4,5303.22,0.21%,35.02%,64.77%,44
2026-06-01 01:43:52,Linux 6.6.87.2-microsoft-standard-WSL2,NVIDIA GeForce RTX 4060,Fourier16_NNonly,"20,769",108,0.03,6.8%,93.2%,16,2,15.58,1.77,0.8,13.01,5.13%,11.36%,83.51%,8188.0,2867.38,17.4,5303.22,0.21%,35.02%,64.77%,44
2026-06-01 01:43:52,Linux 6.6.87.2-microsoft-standard-WSL2,NVIDIA GeForce RTX 4060,Fourier16_NNonly,"20,769",109,0.03,4.8%,95.2%,16,1,15.58,1.77,0.8,13.01,5.13%,11.36%,83.51%,8188.0,2867.38,17.4,5303.22,0.21%,35.02%,64.77%,44
2026-06-01 01:43:52,Linux 6.6.87.2-microsoft-standard-WSL2,NVIDIA GeForce RTX 4060,Fourier16_NNonly,"20,769",110,0.03,7.1%,92.9%,16,2,15.58,1.77,0.8,13.01,5.13%,11.36%,83.51%,8188.0,2867.38,17.4,5303.22,0.21%,35.02%,64.77%,44
2026-06-01 01:43:52,Linux 6.6.87.2-microsoft-standard-WSL2,NVIDIA GeForce RTX 4060,Fourier16_NNonly,"20,769",111,0.03,7.1%,92.9%,16,1,15.58,1.77,0.8,13.01,5.13%,11.36%,83.51%,8188.0,2867.38,17.4,5303.22,0.21%,35.02%,64.77%,44
2026-06-01 01:43:52,Linux 6.6.87.2-microsoft-standard-WSL2,NVIDIA GeForce RTX 4060,Fourier16_NNonly,"20,769",112,0.03,7.1%,92.9%,16,2,15.58,1.77,0.8,13.01,5.13%,11.36%,83.51%,8188.0,2867.38,17.4,5303.22,0.21%,35.02%,64.77%,44
2026-06-01 01:43:52,Linux 6.6.87.2-microsoft-standard-WSL2,NVIDIA GeForce RTX 4060,Fourier16_NNonly,"20,769",113,0.03,7.0%,93.0%,16,1,15.58,1.77,0.8,13.01,5.13%,11.36%,83.51%,8188.0,2867.38,17.4,5303.22,0.21%,35.02%,64.77%,44
2026-06-01 01:43:52,Linux 6.6.87.2-microsoft-standard-WSL2,NVIDIA GeForce RTX 4060,Fourier16_NNonly,"20,769",114,0.03,4.9%,95.1%,16,2,15.58,1.77,0.8,13.01,5.13%,11.36%,83.51%,8188.0,2867.38,17.4,5303.22,0.21%,35.02%,64.77%,44
2026-06-01 01:43:52,Linux 6.6.87.2-microsoft-standard-WSL2,NVIDIA GeForce RTX 4060,Fourier16_NNonly,"20,769",115,0.03,7.0%,93.0%,16,2,15.58,1.77,0.8,13.01,5.13%,11.36%,83.51%,8188.0,2867.38,17.4,5303.22,0.21%,35.02%,64.77%,44
2026-06-01 01:43:52,Linux 6.6.87.2-microsoft-standard-WSL2,NVIDIA GeForce RTX 4060,Fourier16_NNonly,"20,769",116,0.03,6.8%,93.2%,16,1,15.58,1.77,0.8,13.01,5.13%,11.36%,83.51%,8188.0,2867.38,17.4,5303.22,0.21%,35.02%,64.77%,44
2026-06-01 01:43:52,Linux 6.6.87.2-microsoft-standard-WSL2,NVIDIA GeForce RTX 4060,Fourier16_NNonly,"20,769",117,0.03,6.8%,93.2%,16,3,15.58,1.77,0.8,13.01,5.13%,11.36%,83.51%,8188.0,2867.38,17.4,5303.22,0.21%,35.02%,64.77%,44
2026-06-01 01:43:52,Linux 6.6.87.2-microsoft-standard-WSL2,NVIDIA GeForce RTX 4060,Fourier16_NNonly,"20,769",118,0.03,4.9%,95.1%,16,2,15.58,1.77,0.8,13.01,5.13%,11.36%,83.51%,8188.0,2867.38,17.4,5303.22,0.21%,35.02%,64.77%,44
2026-06-01 01:43:52,Linux 6.6.87.2-microsoft-standard-WSL2,NVIDIA GeForce RTX 4060,Fourier16_NNonly,"20,769",119,0.03,7.1%,92.9%,16,2,15.58,1.77,0.8,13.01,5.13%,11.36%,83.51%,8188.0,2867.38,17.4,5303.22,0.21%,35.02%,64.77%,44
2026-06-01 01:43:52,Linux 6.6.87.2-microsoft-standard-WSL2,NVIDIA GeForce RTX 4060,Fourier16_NNonly,"20,769",120,0.03,6.7%,93.3%,16,2,15.58,1.77,0.8,13.01,5.13%,11.36%,83.51%,8188.0,2867.38,17.4,5303.22,0.21%,35.02%,64.77%,44
2026-06-01 01:43:52,Linux 6.6.87.2-microsoft-standard-WSL2,NVIDIA GeForce RTX 4060,Fourier16_NNonly,"20,769",121,0.03,9.1%,90.9%,16,2,15.58,1.77,0.8,13.01,5.13%,11.36%,83.51%,8188.0,2867.38,17.4,5303.22,0.21%,35.02%,64.77%,44
2026-06-01 01:43:52,Linux 6.6.87.2-microsoft-standard-WSL2,NVIDIA GeForce RTX 4060,Fourier16_NNonly,"20,769",122,0.03,7.0%,93.0%,16,2,15.58,1.77,0.8,13.01,5.13%,11.36%,83.51%,8188.0,2867.38,17.4,5303.22,0.21%,35.02%,64.77%,44
2026-06-01 01:43:52,Linux 6.6.87.2-microsoft-standard-WSL2,NVIDIA GeForce RTX 4060,Fourier16_NNonly,"20,769",123,0.03,7.1%,92.9%,16,2,15.58,1.77,0.8,13.01,5.13%,11.36%,83.51%,8188.0,2867.38,17.4,5303.22,0.21%,35.02%,64.77%,44
2026-06-01 01:43:52,Linux 6.6.87.2-microsoft-standard-WSL2,NVIDIA GeForce RTX 4060,Fourier16_NNonly,"20,769",124,0.03,6.8%,93.2%,16,2,15.58,1.77,0.8,13.01,5.13%,11.36%,83.51%,8188.0,2867.38,17.4,5303.22,0.21%,35.02%,64.77%,44
2026-06-01 01:43:52,Linux 6.6.87.2-microsoft-standard-WSL2,NVIDIA GeForce RTX 4060,Fourier16_NNonly,"20,769",125,0.03,4.8%,95.2%,16,2,15.58,1.77,0.8,13.01,5.13%,11.36%,83.51%,8188.0,2867.38,17.4,5303.22,0.21%,35.02%,64.77%,44
2026-06-01 01:43:52,Linux 6.6.87.2-microsoft-standard-WSL2,NVIDIA GeForce RTX 4060,Fourier16_NNonly,"20,769",126,0.03,7.0%,93.0%,16,1,15.58,1.77,0.8,13.01,5.13%,11.36%,83.51%,8188.0,2867.38,17.4,5303.22,0.21%,35.02%,64.77%,44
2026-06-01 01:43:53,Linux 6.6.87.2-microsoft-standard-WSL2,NVIDIA GeForce RTX 4060,Fourier16_NNonly,"20,769",127,0.03,4.9%,95.1%,16,2,15.58,1.77,0.8,13.01,5.13%,11.36%,83.51%,8188.0,2867.38,17.4,5303.22,0.21%,35.02%,64.77%,44
2026-06-01 01:43:53,Linux 6.6.87.2-microsoft-standard-WSL2,NVIDIA GeForce RTX 4060,Fourier16_NNonly,"20,769",128,0.03,4.7%,95.3%,16,2,15.58,1.77,0.8,13.01,5.13%,11.36%,83.51%,8188.0,2867.38,17.4,5303.22,0.21%,35.02%,64.77%,44
2026-06-01 01:43:53,Linux 6.6.87.2-microsoft-standard-WSL2,NVIDIA GeForce RTX 4060,Fourier16_NNonly,"20,769",129,0.03,9.3%,90.7%,16,3,15.58,1.77,0.8,13.01,5.13%,11.36%,83.51%,8188.0,2867.38,17.4,5303.22,0.21%,35.02%,64.77%,44
2026-06-01 01:43:53,Linux 6.6.87.2-microsoft-standard-WSL2,NVIDIA GeForce RTX 4060,Fourier16_NNonly,"20,769",130,0.03,13.0%,87.0%,16,5,15.58,1.77,0.8,13.01,5.13%,11.36%,83.51%,8188.0,2867.38,17.4,5303.22,0.21%,35.02%,64.77%,44
2026-06-01 01:43:53,Linux 6.6.87.2-microsoft-standard-WSL2,NVIDIA GeForce RTX 4060,Fourier16_NNonly,"20,769",131,0.03,4.9%,95.1%,16,2,15.58,1.77,0.8,13.01,5.13%,11.36%,83.51%,8188.0,2867.38,17.4,5303.22,0.21%,35.02%,64.77%,44
2026-06-01 01:43:53,Linux 6.6.87.2-microsoft-standard-WSL2,NVIDIA GeForce RTX 4060,Fourier16_NNonly,"20,769",132,0.03,4.9%,95.1%,16,2,15.58,1.77,0.8,13.01,5.13%,11.36%,83.51%,8188.0,2867.38,17.4,5303.22,0.21%,35.02%,64.77%,44
2026-06-01 01:43:53,Linux 6.6.87.2-microsoft-standard-WSL2,NVIDIA GeForce RTX 4060,Fourier16_NNonly,"20,769",133,0.03,7.0%,93.0%,16,2,15.58,1.77,0.8,13.01,5.13%,11.36%,83.51%,8188.0,2863.38,17.4,5307.22,0.21%,34.97%,64.82%,44
2026-06-01 01:43:53,Linux 6.6.87.2-microsoft-standard-WSL2,NVIDIA GeForce RTX 4060,Fourier16_NNonly,"20,769",134,0.03,7.0%,93.0%,16,2,15.58,1.77,0.8,13.01,5.13%,11.36%,83.51%,8188.0,2863.38,17.4,5307.22,0.21%,34.97%,64.82%,44
2026-06-01 01:43:53,Linux 6.6.87.2-microsoft-standard-WSL2,NVIDIA GeForce RTX 4060,Fourier16_NNonly,"20,769",135,0.03,7.0%,93.0%,16,2,15.58,1.77,0.8,13.01,5.13%,11.36%,83.51%,8188.0,2863.38,17.4,5307.22,0.21%,34.97%,64.82%,44
2026-06-01 01:43:53,Linux 6.6.87.2-microsoft-standard-WSL2,NVIDIA GeForce RTX 4060,Fourier16_NNonly,"20,769",136,0.03,4.9%,95.1%,16,2,15.58,1.77,0.8,13.01,5.13%,11.36%,83.51%,8188.0,2863.38,17.4,5307.22,0.21%,34.97%,64.82%,44
2026-06-01 01:43:53,Linux 6.6.87.2-microsoft-standard-WSL2,NVIDIA GeForce RTX 4060,Fourier16_NNonly,"20,769",137,0.03,7.0%,93.0%,16,1,15.58,1.77,0.8,13.01,5.13%,11.36%,83.51%,8188.0,2863.38,17.4,5307.22,0.21%,34.97%,64.82%,44
2026-06-01 01:43:53,Linux 6.6.87.2-microsoft-standard-WSL2,NVIDIA GeForce RTX 4060,Fourier16_NNonly,"20,769",138,0.03,7.0%,93.0%,16,2,15.58,1.77,0.8,13.01,5.13%,11.36%,83.51%,8188.0,2863.38,17.4,5307.22,0.21%,34.97%,64.82%,44
2026-06-01 01:43:53,Linux 6.6.87.2-microsoft-standard-WSL2,NVIDIA GeForce RTX 4060,Fourier16_NNonly,"20,769",139,0.03,7.0%,93.0%,16,2,15.58,1.77,0.8,13.01,5.13%,11.36%,83.51%,8188.0,2863.38,17.4,5307.22,0.21%,34.97%,64.82%,44
2026-06-01 01:43:53,Linux 6.6.87.2-microsoft-standard-WSL2,NVIDIA GeForce RTX 4060,Fourier16_NNonly,"20,769",140,0.03,7.1%,92.9%,16,2,15.58,1.77,0.8,13.01,5.13%,11.36%,83.51%,8188.0,2863.38,17.4,5307.22,0.21%,34.97%,64.82%,44
2026-06-01 01:43:53,Linux 6.6.87.2-microsoft-standard-WSL2,NVIDIA GeForce RTX 4060,Fourier16_NNonly,"20,769",141,0.03,2.4%,97.6%,16,2,15.58,1.77,0.8,13.01,5.13%,11.36%,83.51%,8188.0,2863.38,17.4,5307.22,0.21%,34.97%,64.82%,44
2026-06-01 01:43:53,Linux 6.6.87.2-microsoft-standard-WSL2,NVIDIA GeForce RTX 4060,Fourier16_NNonly,"20,769",142,0.03,7.0%,93.0%,16,2,15.58,1.77,0.8,13.01,5.13%,11.36%,83.51%,8188.0,2863.38,17.4,5307.22,0.21%,34.97%,64.82%,44
2026-06-01 01:43:53,Linux 6.6.87.2-microsoft-standard-WSL2,NVIDIA GeForce RTX 4060,Fourier16_NNonly,"20,769",143,0.03,9.1%,90.9%,16,1,15.58,1.77,0.8,13.01,5.13%,11.36%,83.51%,8188.0,2863.38,17.4,5307.22,0.21%,34.97%,64.82%,44
2026-06-01 01:43:53,Linux 6.6.87.2-microsoft-standard-WSL2,NVIDIA GeForce RTX 4060,Fourier16_NNonly,"20,769",144,0.03,4.8%,95.2%,16,2,15.58,1.77,0.8,13.01,5.13%,11.36%,83.51%,8188.0,2863.38,17.4,5307.22,0.21%,34.97%,64.82%,44
2026-06-01 01:43:53,Linux 6.6.87.2-microsoft-standard-WSL2,NVIDIA GeForce RTX 4060,Fourier16_NNonly,"20,769",145,0.03,7.0%,93.0%,16,2,15.58,1.77,0.8,13.01,5.13%,11.36%,83.51%,8188.0,2863.38,17.4,5307.22,0.21%,34.97%,64.82%,44
2026-06-01 01:43:53,Linux 6.6.87.2-microsoft-standard-WSL2,NVIDIA GeForce RTX 4060,Fourier16_NNonly,"20,769",146,0.03,9.1%,90.9%,16,3,15.58,1.77,0.8,13.01,5.13%,11.36%,83.51%,8188.0,2863.38,17.4,5307.22,0.21%,34.97%,64.82%,44
2026-06-01 01:43:53,Linux 6.6.87.2-microsoft-standard-WSL2,NVIDIA GeForce RTX 4060,Fourier16_NNonly,"20,769",147,0.03,4.8%,95.2%,16,2,15.58,1.77,0.8,13.01,5.13%,11.36%,83.51%,8188.0,2863.38,17.4,5307.22,0.21%,34.97%,64.82%,44
2026-06-01 01:43:53,Linux 6.6.87.2-microsoft-standard-WSL2,NVIDIA GeForce RTX 4060,Fourier16_NNonly,"20,769",148,0.03,7.0%,93.0%,16,2,15.58,1.77,0.8,13.01,5.13%,11.36%,83.51%,8188.0,2863.38,17.4,5307.22,0.21%,34.97%,64.82%,44
2026-06-01 01:43:53,Linux 6.6.87.2-microsoft-standard-WSL2,NVIDIA GeForce RTX 4060,Fourier16_NNonly,"20,769",149,0.03,7.0%,93.0%,16,2,15.58,1.77,0.8,13.01,5.13%,11.36%,83.51%,8188.0,2863.38,17.4,5307.22,0.21%,34.97%,64.82%,44
2026-06-01 01:43:53,Linux 6.6.87.2-microsoft-standard-WSL2,NVIDIA GeForce RTX 4060,Fourier16_NNonly,"20,769",150,0.03,4.8%,95.2%,16,2,15.58,1.77,0.8,13.01,5.13%,11.36%,83.51%,8188.0,2863.38,17.4,5307.22,0.21%,34.97%,64.82%,44
2026-06-01 01:43:53,Linux 6.6.87.2-microsoft-standard-WSL2,NVIDIA GeForce RTX 4060,Fourier16_NNonly,"20,769",151,0.03,4.9%,95.1%,16,2,15.58,1.77,0.8,13.01,5.13%,11.36%,83.51%,8188.0,2863.38,17.4,5307.22,0.21%,34.97%,64.82%,44
2026-06-01 01:43:53,Linux 6.6.87.2-microsoft-standard-WSL2,NVIDIA GeForce RTX 4060,Fourier16_NNonly,"20,769",152,0.03,4.8%,95.2%,16,3,15.58,1.77,0.8,13.01,5.13%,11.36%,83.51%,8188.0,2863.38,17.4,5307.22,0.21%,34.97%,64.82%,44
2026-06-01 01:43:53,Linux 6.6.87.2-microsoft-standard-WSL2,NVIDIA GeForce RTX 4060,Fourier16_NNonly,"20,769",153,0.03,7.0%,93.0%,16,2,15.58,1.77,0.8,13.01,5.13%,11.36%,83.51%,8188.0,2863.38,17.4,5307.22,0.21%,34.97%,64.82%,43
2026-06-01 01:43:53,Linux 6.6.87.2-microsoft-standard-WSL2,NVIDIA GeForce RTX 4060,Fourier16_NNonly,"20,769",154,0.03,7.1%,92.9%,16,2,15.58,1.77,0.8,13.01,5.13%,11.36%,83.51%,8188.0,2863.38,17.4,5307.22,0.21%,34.97%,64.82%,43
2026-06-01 01:43:53,Linux 6.6.87.2-microsoft-standard-WSL2,NVIDIA GeForce RTX 4060,Fourier16_NNonly,"20,769",155,0.03,4.8%,95.2%,16,1,15.58,1.77,0.8,13.01,5.13%,11.36%,83.51%,8188.0,2863.38,17.4,5307.22,0.21%,34.97%,64.82%,43
2026-06-01 01:43:53,Linux 6.6.87.2-microsoft-standard-WSL2,NVIDIA GeForce RTX 4060,Fourier16_NNonly,"20,769",156,0.03,7.0%,93.0%,16,2,15.58,1.77,0.8,13.01,5.13%,11.36%,83.51%,8188.0,2863.38,17.4,5307.22,0.21%,34.97%,64.82%,43
2026-06-01 01:43:53,Linux 6.6.87.2-microsoft-standard-WSL2,NVIDIA GeForce RTX 4060,Fourier16_NNonly,"20,769",157,0.03,4.8%,95.2%,16,2,15.58,1.77,0.8,13.01,5.13%,11.36%,83.51%,8188.0,2863.38,17.4,5307.22,0.21%,34.97%,64.82%,43
2026-06-01 01:43:53,Linux 6.6.87.2-microsoft-standard-WSL2,NVIDIA GeForce RTX 4060,Fourier16_NNonly,"20,769",158,0.03,7.0%,93.0%,16,2,15.58,1.77,0.8,13.01,5.13%,11.36%,83.51%,8188.0,2863.38,17.4,5307.22,0.21%,34.97%,64.82%,43
2026-06-01 01:43:53,Linux 6.6.87.2-microsoft-standard-WSL2,NVIDIA GeForce RTX 4060,Fourier16_NNonly,"20,769",159,0.03,7.0%,93.0%,16,3,15.58,1.77,0.8,13.01,5.13%,11.36%,83.51%,8188.0,2863.38,17.4,5307.22,0.21%,34.97%,64.82%,43
2026-06-01 01:43:53,Linux 6.6.87.2-microsoft-standard-WSL2,NVIDIA GeForce RTX 4060,Fourier16_NNonly,"20,769",160,0.03,7.0%,93.0%,16,2,15.58,1.77,0.8,13.01,5.13%,11.36%,83.51%,8188.0,2863.38,17.4,5307.22,0.21%,34.97%,64.82%,43
2026-06-01 01:43:53,Linux 6.6.87.2-microsoft-standard-WSL2,NVIDIA GeForce RTX 4060,Fourier16_NNonly,"20,769",161,0.03,7.1%,92.9%,16,2,15.58,1.77,0.8,13.01,5.13%,11.36%,83.51%,8188.0,2863.38,17.4,5307.22,0.21%,34.97%,64.82%,43
2026-06-01 01:43:53,Linux 6.6.87.2-microsoft-standard-WSL2,NVIDIA GeForce RTX 4060,Fourier16_NNonly,"20,769",162,0.03,7.1%,92.9%,16,1,15.58,1.77,0.8,13.01,5.13%,11.36%,83.51%,8188.0,2863.38,17.4,5307.22,0.21%,34.97%,64.82%,43
2026-06-01 01:43:54,Linux 6.6.87.2-microsoft-standard-WSL2,NVIDIA GeForce RTX 4060,Fourier16_NNonly,"20,769",163,0.03,6.8%,93.2%,16,1,15.58,1.77,0.8,13.01,5.13%,11.36%,83.51%,8188.0,2863.38,17.4,5307.22,0.21%,34.97%,64.82%,43
2026-06-01 01:43:54,Linux 6.6.87.2-microsoft-standard-WSL2,NVIDIA GeForce RTX 4060,Fourier16_NNonly,"20,769",164,0.03,7.0%,93.0%,16,2,15.58,1.77,0.8,13.01,5.13%,11.36%,83.51%,8188.0,2863.38,17.4,5307.22,0.21%,34.97%,64.82%,43
2026-06-01 01:43:54,Linux 6.6.87.2-microsoft-standard-WSL2,NVIDIA GeForce RTX 4060,Fourier16_NNonly,"20,769",165,0.03,4.8%,95.2%,16,2,15.58,1.77,0.8,13.01,5.13%,11.36%,83.51%,8188.0,2863.38,17.4,5307.22,0.21%,34.97%,64.82%,43
2026-06-01 01:43:54,Linux 6.6.87.2-microsoft-standard-WSL2,NVIDIA GeForce RTX 4060,Fourier16_NNonly,"20,769",166,0.03,7.0%,93.0%,16,2,15.58,1.77,0.8,13.01,5.13%,11.36%,83.51%,8188.0,2863.38,17.4,5307.22,0.21%,34.97%,64.82%,43
2026-06-01 01:43:54,Linux 6.6.87.2-microsoft-standard-WSL2,NVIDIA GeForce RTX 4060,Fourier16_NNonly,"20,769",167,0.03,9.1%,90.9%,16,2,15.58,1.77,0.8,13.01,5.13%,11.36%,83.51%,8188.0,2863.38,17.4,5307.22,0.21%,34.97%,64.82%,43
2026-06-01 01:43:54,Linux 6.6.87.2-microsoft-standard-WSL2,NVIDIA GeForce RTX 4060,Fourier16_NNonly,"20,769",168,0.03,4.8%,95.2%,16,2,15.58,1.77,0.8,13.01,5.13%,11.36%,83.51%,8188.0,2863.38,17.4,5307.22,0.21%,34.97%,64.82%,43
2026-06-01 01:43:54,Linux 6.6.87.2-microsoft-standard-WSL2,NVIDIA GeForce RTX 4060,Fourier16_NNonly,"20,769",169,0.03,4.8%,95.2%,16,2,15.58,1.77,0.8,13.01,5.13%,11.36%,83.51%,8188.0,2863.38,17.4,5307.22,0.21%,34.97%,64.82%,43
2026-06-01 01:43:54,Linux 6.6.87.2-microsoft-standard-WSL2,NVIDIA GeForce RTX 4060,Fourier16_NNonly,"20,769",170,0.03,7.1%,92.9%,16,1,15.58,1.77,0.8,13.01,5.13%,11.36%,83.51%,8188.0,2863.38,17.4,5307.22,0.21%,34.97%,64.82%,43
2026-06-01 01:43:54,Linux 6.6.87.2-microsoft-standard-WSL2,NVIDIA GeForce RTX 4060,Fourier16_NNonly,"20,769",171,0.03,4.8%,95.2%,16,2,15.58,1.77,0.8,13.01,5.13%,11.36%,83.51%,8188.0,2863.38,17.4,5307.22,0.21%,34.97%,64.82%,43
2026-06-01 01:43:54,Linux 6.6.87.2-microsoft-standard-WSL2,NVIDIA GeForce RTX 4060,Fourier16_NNonly,"20,769",172,0.03,4.9%,95.1%,16,2,15.58,1.77,0.8,13.01,5.13%,11.36%,83.51%,8188.0,2863.38,17.4,5307.22,0.21%,34.97%,64.82%,43
2026-06-01 01:43:54,Linux 6.6.87.2-microsoft-standard-WSL2,NVIDIA GeForce RTX 4060,Fourier16_NNonly,"20,769",173,0.03,6.8%,93.2%,16,1,15.58,1.77,0.8,13.01,5.13%,11.36%,83.51%,8188.0,2863.38,17.4,5307.22,0.21%,34.97%,64.82%,43
2026-06-01 01:43:54,Linux 6.6.87.2-microsoft-standard-WSL2,NVIDIA GeForce RTX 4060,Fourier16_NNonly,"20,769",174,0.03,7.0%,93.0%,16,2,15.58,1.77,0.8,13.01,5.13%,11.36%,83.51%,8188.0,2863.38,17.4,5307.22,0.21%,34.97%,64.82%,43
2026-06-01 01:43:54,Linux 6.6.87.2-microsoft-standard-WSL2,NVIDIA GeForce RTX 4060,Fourier16_NNonly,"20,769",175,0.03,7.1%,92.9%,16,3,15.58,1.77,0.8,13.01,5.13%,11.36%,83.51%,8188.0,2863.38,17.4,5307.22,0.21%,34.97%,64.82%,43
2026-06-01 01:43:54,Linux 6.6.87.2-microsoft-standard-WSL2,NVIDIA GeForce RTX 4060,Fourier16_NNonly,"20,769",176,0.03,6.8%,93.2%,16,1,15.58,1.77,0.8,13.01,5.13%,11.36%,83.51%,8188.0,2863.38,17.4,5307.22,0.21%,34.97%,64.82%,43
2026-06-01 01:43:54,Linux 6.6.87.2-microsoft-standard-WSL2,NVIDIA GeForce RTX 4060,Fourier16_NNonly,"20,769",177,0.03,6.8%,93.2%,16,2,15.58,1.77,0.8,13.01,5.13%,11.36%,83.51%,8188.0,2863.38,17.4,5307.22,0.21%,34.97%,64.82%,43
2026-06-01 01:43:54,Linux 6.6.87.2-microsoft-standard-WSL2,NVIDIA GeForce RTX 4060,Fourier16_NNonly,"20,769",178,0.03,4.5%,95.5%,16,1,15.58,1.77,0.8,13.01,5.13%,11.36%,83.51%,8188.0,2863.38,17.4,5307.22,0.21%,34.97%,64.82%,43
2026-06-01 01:43:54,Linux 6.6.87.2-microsoft-standard-WSL2,NVIDIA GeForce RTX 4060,Fourier16_NNonly,"20,769",179,0.03,7.1%,92.9%,16,1,15.58,1.77,0.8,13.01,5.13%,11.36%,83.51%,8188.0,2863.38,17.4,5307.22,0.21%,34.97%,64.82%,43
2026-06-01 01:43:54,Linux 6.6.87.2-microsoft-standard-WSL2,NVIDIA GeForce RTX 4060,Fourier16_NNonly,"20,769",180,0.03,7.0%,93.0%,16,2,15.58,1.77,0.8,13.01,5.13%,11.36%,83.51%,8188.0,2863.38,17.4,5307.22,0.21%,34.97%,64.82%,43
2026-06-01 01:43:54,Linux 6.6.87.2-microsoft-standard-WSL2,NVIDIA GeForce RTX 4060,Fourier16_NNonly,"20,769",181,0.03,8.9%,91.1%,16,3,15.58,1.77,0.8,13.01,5.13%,11.36%,83.51%,8188.0,2863.38,17.4,5307.22,0.21%,34.97%,64.82%,43
2026-06-01 01:43:54,Linux 6.6.87.2-microsoft-standard-WSL2,NVIDIA GeForce RTX 4060,Fourier16_NNonly,"20,769",182,0.03,8.9%,91.1%,16,3,15.58,1.77,0.8,13.01,5.13%,11.36%,83.51%,8188.0,2863.38,17.4,5307.22,0.21%,34.97%,64.82%,43
2026-06-01 01:43:54,Linux 6.6.87.2-microsoft-standard-WSL2,NVIDIA GeForce RTX 4060,Fourier16_NNonly,"20,769",183,0.03,8.9%,91.1%,16,3,15.58,1.77,0.8,13.01,5.13%,11.36%,83.51%,8188.0,2863.38,17.4,5307.22,0.21%,34.97%,64.82%,43
2026-06-01 01:43:54,Linux 6.6.87.2-microsoft-standard-WSL2,NVIDIA GeForce RTX 4060,Fourier16_NNonly,"20,769",184,0.03,4.9%,95.1%,16,2,15.58,1.77,0.8,13.01,5.13%,11.36%,83.51%,8188.0,2863.38,17.4,5307.22,0.21%,34.97%,64.82%,43
2026-06-01 01:43:54,Linux 6.6.87.2-microsoft-standard-WSL2,NVIDIA GeForce RTX 4060,Fourier16_NNonly,"20,769",185,0.03,4.8%,95.2%,16,2,15.58,1.77,0.8,13.01,5.13%,11.36%,83.51%,8188.0,2863.38,17.4,5307.22,0.21%,34.97%,64.82%,43
2026-06-01 01:43:54,Linux 6.6.87.2-microsoft-standard-WSL2,NVIDIA GeForce RTX 4060,Fourier16_NNonly,"20,769",186,0.03,7.0%,93.0%,16,2,15.58,1.77,0.8,13.01,5.13%,11.36%,83.51%,8188.0,2863.38,17.4,5307.22,0.21%,34.97%,64.82%,43
2026-06-01 01:43:54,Linux 6.6.87.2-microsoft-standard-WSL2,NVIDIA GeForce RTX 4060,Fourier16_NNonly,"20,769",187,0.03,4.8%,95.2%,16,2,15.58,1.77,0.8,13.01,5.13%,11.36%,83.51%,8188.0,2851.44,17.4,5319.16,0.21%,34.82%,64.97%,43
2026-06-01 01:43:54,Linux 6.6.87.2-microsoft-standard-WSL2,NVIDIA GeForce RTX 4060,Fourier16_NNonly,"20,769",188,0.03,7.1%,92.9%,16,2,15.58,1.77,0.8,13.01,5.13%,11.36%,83.51%,8188.0,2840.38,17.4,5330.22,0.21%,34.69%,65.1%,43
2026-06-01 01:43:54,Linux 6.6.87.2-microsoft-standard-WSL2,NVIDIA GeForce RTX 4060,Fourier16_NNonly,"20,769",189,0.03,6.8%,93.2%,16,2,15.58,1.77,0.8,13.01,5.13%,11.36%,83.51%,8188.0,2840.38,17.4,5330.22,0.21%,34.69%,65.1%,43
2026-06-01 01:43:54,Linux 6.6.87.2-microsoft-standard-WSL2,NVIDIA GeForce RTX 4060,Fourier16_NNonly,"20,769",190,0.03,4.9%,95.1%,16,2,15.58,1.77,0.8,13.01,5.13%,11.36%,83.51%,8188.0,2840.38,17.4,5330.22,0.21%,34.69%,65.1%,43
2026-06-01 01:43:54,Linux 6.6.87.2-microsoft-standard-WSL2,NVIDIA GeForce RTX 4060,Fourier16_NNonly,"20,769",191,0.03,4.9%,95.1%,16,3,15.58,1.77,0.8,13.01,5.13%,11.36%,83.51%,8188.0,2840.38,17.4,5330.22,0.21%,34.69%,65.1%,43
2026-06-01 01:43:54,Linux 6.6.87.2-microsoft-standard-WSL2,NVIDIA GeForce RTX 4060,Fourier16_NNonly,"20,769",192,0.03,7.0%,93.0%,16,1,15.58,1.77,0.8,13.01,5.13%,11.36%,83.51%,8188.0,2840.38,17.4,5330.22,0.21%,34.69%,65.1%,43
2026-06-01 01:43:54,Linux 6.6.87.2-microsoft-standard-WSL2,NVIDIA GeForce RTX 4060,Fourier16_NNonly,"20,769",193,0.03,4.7%,95.3%,16,2,15.58,1.77,0.8,13.01,5.13%,11.36%,83.51%,8188.0,2840.38,17.4,5330.22,0.21%,34.69%,65.1%,43
2026-06-01 01:43:54,Linux 6.6.87.2-microsoft-standard-WSL2,NVIDIA GeForce RTX 4060,Fourier16_NNonly,"20,769",194,0.03,7.0%,93.0%,16,2,15.58,1.77,0.8,13.01,5.13%,11.36%,83.51%,8188.0,2840.38,17.4,5330.22,0.21%,34.69%,65.1%,43
2026-06-01 01:43:54,Linux 6.6.87.2-microsoft-standard-WSL2,NVIDIA GeForce RTX 4060,Fourier16_NNonly,"20,769",195,0.03,7.1%,92.9%,16,2,15.58,1.77,0.8,13.01,5.13%,11.36%,83.51%,8188.0,2840.38,17.4,5330.22,0.21%,34.69%,65.1%,43
2026-06-01 01:43:54,Linux 6.6.87.2-microsoft-standard-WSL2,NVIDIA GeForce RTX 4060,Fourier16_NNonly,"20,769",196,0.03,4.8%,95.2%,16,2,15.58,1.77,0.8,13.01,5.13%,11.36%,83.51%,8188.0,2840.38,17.4,5330.22,0.21%,34.69%,65.1%,43
2026-06-01 01:43:54,Linux 6.6.87.2-microsoft-standard-WSL2,NVIDIA GeForce RTX 4060,Fourier16_NNonly,"20,769",197,0.03,9.1%,90.9%,16,2,15.58,1.77,0.8,13.01,5.13%,11.36%,83.51%,8188.0,2840.38,17.4,5330.22,0.21%,34.69%,65.1%,43
2026-06-01 01:43:54,Linux 6.6.87.2-microsoft-standard-WSL2,NVIDIA GeForce RTX 4060,Fourier16_NNonly,"20,769",198,0.03,4.5%,95.5%,16,1,15.58,1.77,0.8,13.01,5.13%,11.36%,83.51%,8188.0,2840.38,17.4,5330.22,0.21%,34.69%,65.1%,43
2026-06-01 01:43:55,Linux 6.6.87.2-microsoft-standard-WSL2,NVIDIA GeForce RTX 4060,Fourier16_NNonly,"20,769",199,0.03,4.9%,95.1%,16,2,15.58,1.77,0.8,13.01,5.13%,11.36%,83.51%,8188.0,2840.38,17.4,5330.22,0.21%,34.69%,65.1%,43
2026-06-01 01:43:55,Linux 6.6.87.2-microsoft-standard-WSL2,NVIDIA GeForce RTX 4060,Fourier16_NNonly,"20,769",200,0.03,4.8%,95.2%,16,1,15.58,1.77,0.8,13.01,5.13%,11.36%,83.51%,8188.0,2840.38,17.4,5330.22,0.21%,34.69%,65.1%,43
